ISO-10303-21;
HEADER;
/* Generated by software containing ST-Developer
 * from STEP Tools, Inc. (www.steptools.com) 
 */
/* OPTION: using custom renumber hook */

FILE_DESCRIPTION(
/* description */ ('STEP AP242 Edition 2',
'CAx-IF Rec.Pracs.---Representation and Presentation of Product Manufa
cturing Information (PMI)---4.0---2014-10-13',
'CAx-IF Rec.Pracs.---3D Tessellated Geometry---0.4---2014-09-14','2;1',
'CAx-IF Rec.Pracs.---User Defined Attributes---1.5---2016-08-15'),
/* implementation_level */ '2;1');

FILE_NAME(
/* name */ 'Part Studio 1',
/* time_stamp */ '2026-06-28T10:01:53Z',
/* author */ (''),
/* organization */ (''),
/* preprocessor_version */ 'ST-DEVELOPER v20',
/* originating_system */ 'ONSHAPE BY PTC INC, 1.217',
/* authorisation */ '  ');

FILE_SCHEMA (('AP242_MANAGED_MODEL_BASED_3D_ENGINEERING_MIM_LF { 1 0 10303 442 3 1 4 }'));
ENDSEC;

DATA;
#10=CYLINDRICAL_SURFACE('',#1971,0.000410416305603426);
#11=CYLINDRICAL_SURFACE('',#1982,0.002);
#12=CYLINDRICAL_SURFACE('',#2069,0.0023);
#13=CYLINDRICAL_SURFACE('',#2070,0.000299999999999994);
#14=CYLINDRICAL_SURFACE('',#2071,0.000299999999999994);
#15=CYLINDRICAL_SURFACE('',#2072,0.000299999999999994);
#16=CYLINDRICAL_SURFACE('',#2073,0.000299999999999994);
#17=CYLINDRICAL_SURFACE('',#2074,0.000299999999999994);
#18=CYLINDRICAL_SURFACE('',#2075,0.000299999999999994);
#19=CYLINDRICAL_SURFACE('',#2076,0.000299999999999994);
#20=CYLINDRICAL_SURFACE('',#2077,0.000299999999999994);
#21=CYLINDRICAL_SURFACE('',#2078,0.000299999999999994);
#22=CYLINDRICAL_SURFACE('',#2079,0.000299999999999994);
#23=CYLINDRICAL_SURFACE('',#2080,0.000299999999999994);
#24=CYLINDRICAL_SURFACE('',#2081,0.000299999999999994);
#25=CYLINDRICAL_SURFACE('',#2082,0.000299999999999994);
#26=CYLINDRICAL_SURFACE('',#2083,0.000299999999999994);
#27=CYLINDRICAL_SURFACE('',#2084,0.000299999999999994);
#28=CYLINDRICAL_SURFACE('',#2085,0.000299999999999994);
#29=CYLINDRICAL_SURFACE('',#2086,0.000299999999999994);
#30=CYLINDRICAL_SURFACE('',#2087,0.000299999999999994);
#31=CYLINDRICAL_SURFACE('',#2088,0.000299999999999994);
#32=ELLIPSE('',#1970,0.000580416305603426,0.000410416305603426);
#33=CIRCLE('',#1964,0.000410416305603426);
#34=CIRCLE('',#1983,0.002);
#35=CIRCLE('',#1984,0.002);
#36=CIRCLE('',#1986,0.0023);
#37=CIRCLE('',#1988,0.0023);
#38=CIRCLE('',#1993,0.000299999999999994);
#39=CIRCLE('',#1994,0.000299999999999994);
#40=CIRCLE('',#1995,0.000299999999999994);
#41=CIRCLE('',#1996,0.000299999999999994);
#42=CIRCLE('',#1997,0.000299999999999994);
#43=CIRCLE('',#1998,0.000299999999999994);
#44=CIRCLE('',#1999,0.000299999999999994);
#45=CIRCLE('',#2000,0.000299999999999994);
#46=CIRCLE('',#2001,0.000299999999999994);
#47=CIRCLE('',#2002,0.000299999999999994);
#48=CIRCLE('',#2003,0.000299999999999994);
#49=CIRCLE('',#2004,0.000299999999999994);
#50=CIRCLE('',#2005,0.000299999999999994);
#51=CIRCLE('',#2006,0.000299999999999994);
#52=CIRCLE('',#2007,0.000299999999999994);
#53=CIRCLE('',#2008,0.000299999999999994);
#54=CIRCLE('',#2009,0.000299999999999994);
#55=CIRCLE('',#2010,0.000299999999999994);
#56=CIRCLE('',#2011,0.000299999999999994);
#57=CIRCLE('',#2017,0.000299999999999994);
#58=CIRCLE('',#2018,0.000299999999999994);
#59=CIRCLE('',#2019,0.000299999999999994);
#60=CIRCLE('',#2020,0.000299999999999994);
#61=CIRCLE('',#2021,0.000299999999999994);
#62=CIRCLE('',#2022,0.000299999999999994);
#63=CIRCLE('',#2023,0.000299999999999994);
#64=CIRCLE('',#2024,0.000299999999999994);
#65=CIRCLE('',#2025,0.000299999999999994);
#66=CIRCLE('',#2026,0.000299999999999994);
#67=CIRCLE('',#2027,0.000299999999999994);
#68=CIRCLE('',#2028,0.000299999999999994);
#69=CIRCLE('',#2029,0.000299999999999994);
#70=CIRCLE('',#2030,0.000299999999999994);
#71=CIRCLE('',#2031,0.000299999999999994);
#72=CIRCLE('',#2032,0.000299999999999994);
#73=CIRCLE('',#2033,0.000299999999999994);
#74=CIRCLE('',#2034,0.000299999999999994);
#75=CIRCLE('',#2035,0.000299999999999994);
#76=CIRCLE('',#2051,0.0023);
#77=CIRCLE('',#2066,0.0023);
#78=CIRCLE('',#2068,0.0023);
#79=SHAPE_REPRESENTATION_RELATIONSHIP('','',#1941,#83);
#80=SHAPE_REPRESENTATION_RELATIONSHIP('','',#1942,#84);
#81=SHAPE_REPRESENTATION_RELATIONSHIP('','',#1943,#85);
#82=SHAPE_REPRESENTATION_RELATIONSHIP('','',#1944,#86);
#83=ADVANCED_BREP_SHAPE_REPRESENTATION('',(#1933),#3174);
#84=ADVANCED_BREP_SHAPE_REPRESENTATION('',(#1934),#3175);
#85=ADVANCED_BREP_SHAPE_REPRESENTATION('',(#1935),#3176);
#86=ADVANCED_BREP_SHAPE_REPRESENTATION('',(#1936),#3177);
#87=ORIENTED_EDGE('',*,*,#625,.F.);
#88=ORIENTED_EDGE('',*,*,#626,.F.);
#89=ORIENTED_EDGE('',*,*,#627,.T.);
#90=ORIENTED_EDGE('',*,*,#628,.T.);
#91=ORIENTED_EDGE('',*,*,#629,.T.);
#92=ORIENTED_EDGE('',*,*,#630,.T.);
#93=ORIENTED_EDGE('',*,*,#631,.F.);
#94=ORIENTED_EDGE('',*,*,#632,.F.);
#95=ORIENTED_EDGE('',*,*,#626,.T.);
#96=ORIENTED_EDGE('',*,*,#633,.T.);
#97=ORIENTED_EDGE('',*,*,#629,.F.);
#98=ORIENTED_EDGE('',*,*,#634,.T.);
#99=ORIENTED_EDGE('',*,*,#635,.F.);
#100=ORIENTED_EDGE('',*,*,#628,.F.);
#101=ORIENTED_EDGE('',*,*,#636,.F.);
#102=ORIENTED_EDGE('',*,*,#631,.T.);
#103=ORIENTED_EDGE('',*,*,#636,.T.);
#104=ORIENTED_EDGE('',*,*,#627,.F.);
#105=ORIENTED_EDGE('',*,*,#634,.F.);
#106=ORIENTED_EDGE('',*,*,#632,.T.);
#107=ORIENTED_EDGE('',*,*,#635,.T.);
#108=ORIENTED_EDGE('',*,*,#630,.F.);
#109=ORIENTED_EDGE('',*,*,#633,.F.);
#110=ORIENTED_EDGE('',*,*,#625,.T.);
#111=ORIENTED_EDGE('',*,*,#637,.F.);
#112=ORIENTED_EDGE('',*,*,#638,.T.);
#113=ORIENTED_EDGE('',*,*,#639,.F.);
#114=ORIENTED_EDGE('',*,*,#640,.F.);
#115=ORIENTED_EDGE('',*,*,#641,.T.);
#116=ORIENTED_EDGE('',*,*,#642,.T.);
#117=ORIENTED_EDGE('',*,*,#643,.F.);
#118=ORIENTED_EDGE('',*,*,#644,.F.);
#119=ORIENTED_EDGE('',*,*,#639,.T.);
#120=ORIENTED_EDGE('',*,*,#645,.T.);
#121=ORIENTED_EDGE('',*,*,#646,.T.);
#122=ORIENTED_EDGE('',*,*,#647,.F.);
#123=ORIENTED_EDGE('',*,*,#643,.T.);
#124=ORIENTED_EDGE('',*,*,#648,.T.);
#125=ORIENTED_EDGE('',*,*,#649,.T.);
#126=ORIENTED_EDGE('',*,*,#650,.F.);
#127=ORIENTED_EDGE('',*,*,#651,.F.);
#128=ORIENTED_EDGE('',*,*,#652,.T.);
#129=ORIENTED_EDGE('',*,*,#653,.T.);
#130=ORIENTED_EDGE('',*,*,#654,.F.);
#131=ORIENTED_EDGE('',*,*,#655,.F.);
#132=ORIENTED_EDGE('',*,*,#656,.F.);
#133=ORIENTED_EDGE('',*,*,#657,.T.);
#134=ORIENTED_EDGE('',*,*,#658,.T.);
#135=ORIENTED_EDGE('',*,*,#652,.F.);
#136=ORIENTED_EDGE('',*,*,#659,.F.);
#137=ORIENTED_EDGE('',*,*,#649,.F.);
#138=ORIENTED_EDGE('',*,*,#660,.F.);
#139=ORIENTED_EDGE('',*,*,#661,.F.);
#140=ORIENTED_EDGE('',*,*,#662,.F.);
#141=ORIENTED_EDGE('',*,*,#663,.T.);
#142=ORIENTED_EDGE('',*,*,#655,.T.);
#143=ORIENTED_EDGE('',*,*,#664,.F.);
#144=ORIENTED_EDGE('',*,*,#665,.F.);
#145=ORIENTED_EDGE('',*,*,#664,.T.);
#146=ORIENTED_EDGE('',*,*,#654,.T.);
#147=ORIENTED_EDGE('',*,*,#648,.F.);
#148=ORIENTED_EDGE('',*,*,#642,.F.);
#149=ORIENTED_EDGE('',*,*,#666,.T.);
#150=ORIENTED_EDGE('',*,*,#660,.T.);
#151=ORIENTED_EDGE('',*,*,#667,.T.);
#152=ORIENTED_EDGE('',*,*,#668,.F.);
#153=ORIENTED_EDGE('',*,*,#669,.T.);
#154=ORIENTED_EDGE('',*,*,#670,.T.);
#155=ORIENTED_EDGE('',*,*,#671,.F.);
#156=ORIENTED_EDGE('',*,*,#672,.T.);
#157=ORIENTED_EDGE('',*,*,#668,.T.);
#158=ORIENTED_EDGE('',*,*,#673,.T.);
#159=ORIENTED_EDGE('',*,*,#674,.F.);
#160=ORIENTED_EDGE('',*,*,#675,.F.);
#161=ORIENTED_EDGE('',*,*,#676,.F.);
#162=ORIENTED_EDGE('',*,*,#677,.T.);
#163=ORIENTED_EDGE('',*,*,#674,.T.);
#164=ORIENTED_EDGE('',*,*,#678,.T.);
#165=ORIENTED_EDGE('',*,*,#679,.F.);
#166=ORIENTED_EDGE('',*,*,#680,.F.);
#167=ORIENTED_EDGE('',*,*,#650,.T.);
#168=ORIENTED_EDGE('',*,*,#659,.T.);
#169=ORIENTED_EDGE('',*,*,#651,.T.);
#170=ORIENTED_EDGE('',*,*,#681,.F.);
#171=ORIENTED_EDGE('',*,*,#682,.F.);
#172=ORIENTED_EDGE('',*,*,#683,.T.);
#173=ORIENTED_EDGE('',*,*,#684,.F.);
#174=ORIENTED_EDGE('',*,*,#685,.F.);
#175=ORIENTED_EDGE('',*,*,#671,.T.);
#176=ORIENTED_EDGE('',*,*,#686,.F.);
#177=ORIENTED_EDGE('',*,*,#640,.T.);
#178=ORIENTED_EDGE('',*,*,#687,.F.);
#179=ORIENTED_EDGE('',*,*,#657,.F.);
#180=ORIENTED_EDGE('',*,*,#666,.F.);
#181=ORIENTED_EDGE('',*,*,#641,.F.);
#182=ORIENTED_EDGE('',*,*,#686,.T.);
#183=ORIENTED_EDGE('',*,*,#670,.F.);
#184=ORIENTED_EDGE('',*,*,#688,.T.);
#185=ORIENTED_EDGE('',*,*,#689,.T.);
#186=ORIENTED_EDGE('',*,*,#682,.T.);
#187=ORIENTED_EDGE('',*,*,#690,.T.);
#188=ORIENTED_EDGE('',*,*,#662,.T.);
#189=ORIENTED_EDGE('',*,*,#691,.F.);
#190=ORIENTED_EDGE('',*,*,#656,.T.);
#191=ORIENTED_EDGE('',*,*,#663,.F.);
#192=ORIENTED_EDGE('',*,*,#690,.F.);
#193=ORIENTED_EDGE('',*,*,#681,.T.);
#194=ORIENTED_EDGE('',*,*,#692,.F.);
#195=ORIENTED_EDGE('',*,*,#693,.F.);
#196=ORIENTED_EDGE('',*,*,#684,.T.);
#197=ORIENTED_EDGE('',*,*,#694,.T.);
#198=ORIENTED_EDGE('',*,*,#695,.F.);
#199=ORIENTED_EDGE('',*,*,#676,.T.);
#200=ORIENTED_EDGE('',*,*,#679,.T.);
#201=ORIENTED_EDGE('',*,*,#696,.T.);
#202=ORIENTED_EDGE('',*,*,#672,.F.);
#203=ORIENTED_EDGE('',*,*,#685,.T.);
#204=ORIENTED_EDGE('',*,*,#693,.T.);
#205=ORIENTED_EDGE('',*,*,#677,.F.);
#206=ORIENTED_EDGE('',*,*,#695,.T.);
#207=ORIENTED_EDGE('',*,*,#697,.T.);
#208=ORIENTED_EDGE('',*,*,#688,.F.);
#209=ORIENTED_EDGE('',*,*,#669,.F.);
#210=ORIENTED_EDGE('',*,*,#697,.F.);
#211=ORIENTED_EDGE('',*,*,#694,.F.);
#212=ORIENTED_EDGE('',*,*,#683,.F.);
#213=ORIENTED_EDGE('',*,*,#689,.F.);
#214=ORIENTED_EDGE('',*,*,#680,.T.);
#215=ORIENTED_EDGE('',*,*,#692,.T.);
#216=ORIENTED_EDGE('',*,*,#675,.T.);
#217=ORIENTED_EDGE('',*,*,#678,.F.);
#218=ORIENTED_EDGE('',*,*,#673,.F.);
#219=ORIENTED_EDGE('',*,*,#667,.F.);
#220=ORIENTED_EDGE('',*,*,#696,.F.);
#221=ORIENTED_EDGE('',*,*,#661,.T.);
#222=ORIENTED_EDGE('',*,*,#665,.T.);
#223=ORIENTED_EDGE('',*,*,#653,.F.);
#224=ORIENTED_EDGE('',*,*,#698,.T.);
#225=ORIENTED_EDGE('',*,*,#691,.T.);
#226=ORIENTED_EDGE('',*,*,#658,.F.);
#227=ORIENTED_EDGE('',*,*,#687,.T.);
#228=ORIENTED_EDGE('',*,*,#698,.F.);
#229=ORIENTED_EDGE('',*,*,#638,.F.);
#230=ORIENTED_EDGE('',*,*,#699,.T.);
#231=ORIENTED_EDGE('',*,*,#700,.T.);
#232=ORIENTED_EDGE('',*,*,#645,.F.);
#233=ORIENTED_EDGE('',*,*,#647,.T.);
#234=ORIENTED_EDGE('',*,*,#701,.F.);
#235=ORIENTED_EDGE('',*,*,#702,.F.);
#236=ORIENTED_EDGE('',*,*,#644,.T.);
#237=ORIENTED_EDGE('',*,*,#700,.F.);
#238=ORIENTED_EDGE('',*,*,#703,.T.);
#239=ORIENTED_EDGE('',*,*,#701,.T.);
#240=ORIENTED_EDGE('',*,*,#646,.F.);
#241=ORIENTED_EDGE('',*,*,#699,.F.);
#242=ORIENTED_EDGE('',*,*,#637,.T.);
#243=ORIENTED_EDGE('',*,*,#702,.T.);
#244=ORIENTED_EDGE('',*,*,#703,.F.);
#245=ORIENTED_EDGE('',*,*,#704,.F.);
#246=ORIENTED_EDGE('',*,*,#705,.T.);
#247=ORIENTED_EDGE('',*,*,#706,.T.);
#248=ORIENTED_EDGE('',*,*,#707,.T.);
#249=ORIENTED_EDGE('',*,*,#708,.T.);
#250=ORIENTED_EDGE('',*,*,#709,.T.);
#251=ORIENTED_EDGE('',*,*,#710,.F.);
#252=ORIENTED_EDGE('',*,*,#711,.T.);
#253=ORIENTED_EDGE('',*,*,#712,.F.);
#254=ORIENTED_EDGE('',*,*,#713,.F.);
#255=ORIENTED_EDGE('',*,*,#714,.F.);
#256=ORIENTED_EDGE('',*,*,#715,.F.);
#257=ORIENTED_EDGE('',*,*,#716,.F.);
#258=ORIENTED_EDGE('',*,*,#717,.T.);
#259=ORIENTED_EDGE('',*,*,#718,.T.);
#260=ORIENTED_EDGE('',*,*,#719,.T.);
#261=ORIENTED_EDGE('',*,*,#720,.T.);
#262=ORIENTED_EDGE('',*,*,#721,.T.);
#263=ORIENTED_EDGE('',*,*,#722,.F.);
#264=ORIENTED_EDGE('',*,*,#723,.T.);
#265=ORIENTED_EDGE('',*,*,#724,.F.);
#266=ORIENTED_EDGE('',*,*,#725,.T.);
#267=ORIENTED_EDGE('',*,*,#726,.F.);
#268=ORIENTED_EDGE('',*,*,#727,.T.);
#269=ORIENTED_EDGE('',*,*,#728,.T.);
#270=ORIENTED_EDGE('',*,*,#729,.F.);
#271=ORIENTED_EDGE('',*,*,#730,.F.);
#272=ORIENTED_EDGE('',*,*,#731,.T.);
#273=ORIENTED_EDGE('',*,*,#732,.T.);
#274=ORIENTED_EDGE('',*,*,#733,.F.);
#275=ORIENTED_EDGE('',*,*,#727,.F.);
#276=ORIENTED_EDGE('',*,*,#734,.T.);
#277=ORIENTED_EDGE('',*,*,#730,.T.);
#278=ORIENTED_EDGE('',*,*,#735,.F.);
#279=ORIENTED_EDGE('',*,*,#736,.F.);
#280=ORIENTED_EDGE('',*,*,#704,.T.);
#281=ORIENTED_EDGE('',*,*,#737,.T.);
#282=ORIENTED_EDGE('',*,*,#738,.T.);
#283=ORIENTED_EDGE('',*,*,#739,.F.);
#284=ORIENTED_EDGE('',*,*,#740,.T.);
#285=ORIENTED_EDGE('',*,*,#741,.T.);
#286=ORIENTED_EDGE('',*,*,#742,.F.);
#287=ORIENTED_EDGE('',*,*,#743,.T.);
#288=ORIENTED_EDGE('',*,*,#744,.T.);
#289=ORIENTED_EDGE('',*,*,#745,.T.);
#290=ORIENTED_EDGE('',*,*,#713,.T.);
#291=ORIENTED_EDGE('',*,*,#746,.F.);
#292=ORIENTED_EDGE('',*,*,#747,.F.);
#293=ORIENTED_EDGE('',*,*,#748,.F.);
#294=ORIENTED_EDGE('',*,*,#749,.F.);
#295=ORIENTED_EDGE('',*,*,#750,.F.);
#296=ORIENTED_EDGE('',*,*,#751,.F.);
#297=ORIENTED_EDGE('',*,*,#752,.F.);
#298=ORIENTED_EDGE('',*,*,#753,.F.);
#299=ORIENTED_EDGE('',*,*,#754,.F.);
#300=ORIENTED_EDGE('',*,*,#755,.F.);
#301=ORIENTED_EDGE('',*,*,#756,.F.);
#302=ORIENTED_EDGE('',*,*,#757,.F.);
#303=ORIENTED_EDGE('',*,*,#758,.F.);
#304=ORIENTED_EDGE('',*,*,#759,.F.);
#305=ORIENTED_EDGE('',*,*,#760,.F.);
#306=ORIENTED_EDGE('',*,*,#761,.F.);
#307=ORIENTED_EDGE('',*,*,#762,.F.);
#308=ORIENTED_EDGE('',*,*,#763,.F.);
#309=ORIENTED_EDGE('',*,*,#764,.F.);
#310=ORIENTED_EDGE('',*,*,#729,.T.);
#311=ORIENTED_EDGE('',*,*,#765,.T.);
#312=ORIENTED_EDGE('',*,*,#766,.F.);
#313=ORIENTED_EDGE('',*,*,#767,.F.);
#314=ORIENTED_EDGE('',*,*,#766,.T.);
#315=ORIENTED_EDGE('',*,*,#768,.F.);
#316=ORIENTED_EDGE('',*,*,#743,.F.);
#317=ORIENTED_EDGE('',*,*,#745,.F.);
#318=ORIENTED_EDGE('',*,*,#769,.T.);
#319=ORIENTED_EDGE('',*,*,#770,.T.);
#320=ORIENTED_EDGE('',*,*,#771,.T.);
#321=ORIENTED_EDGE('',*,*,#772,.F.);
#322=ORIENTED_EDGE('',*,*,#773,.F.);
#323=ORIENTED_EDGE('',*,*,#774,.T.);
#324=ORIENTED_EDGE('',*,*,#714,.T.);
#325=ORIENTED_EDGE('',*,*,#732,.F.);
#326=ORIENTED_EDGE('',*,*,#775,.F.);
#327=ORIENTED_EDGE('',*,*,#776,.F.);
#328=ORIENTED_EDGE('',*,*,#723,.F.);
#329=ORIENTED_EDGE('',*,*,#777,.F.);
#330=ORIENTED_EDGE('',*,*,#721,.F.);
#331=ORIENTED_EDGE('',*,*,#778,.F.);
#332=ORIENTED_EDGE('',*,*,#779,.F.);
#333=ORIENTED_EDGE('',*,*,#780,.T.);
#334=ORIENTED_EDGE('',*,*,#781,.T.);
#335=ORIENTED_EDGE('',*,*,#782,.T.);
#336=ORIENTED_EDGE('',*,*,#770,.F.);
#337=ORIENTED_EDGE('',*,*,#783,.T.);
#338=ORIENTED_EDGE('',*,*,#706,.F.);
#339=ORIENTED_EDGE('',*,*,#784,.T.);
#340=ORIENTED_EDGE('',*,*,#785,.T.);
#341=ORIENTED_EDGE('',*,*,#786,.T.);
#342=ORIENTED_EDGE('',*,*,#787,.T.);
#343=ORIENTED_EDGE('',*,*,#788,.T.);
#344=ORIENTED_EDGE('',*,*,#789,.T.);
#345=ORIENTED_EDGE('',*,*,#790,.T.);
#346=ORIENTED_EDGE('',*,*,#791,.T.);
#347=ORIENTED_EDGE('',*,*,#792,.T.);
#348=ORIENTED_EDGE('',*,*,#793,.T.);
#349=ORIENTED_EDGE('',*,*,#794,.T.);
#350=ORIENTED_EDGE('',*,*,#795,.T.);
#351=ORIENTED_EDGE('',*,*,#796,.T.);
#352=ORIENTED_EDGE('',*,*,#797,.T.);
#353=ORIENTED_EDGE('',*,*,#798,.T.);
#354=ORIENTED_EDGE('',*,*,#799,.T.);
#355=ORIENTED_EDGE('',*,*,#800,.T.);
#356=ORIENTED_EDGE('',*,*,#801,.T.);
#357=ORIENTED_EDGE('',*,*,#802,.T.);
#358=ORIENTED_EDGE('',*,*,#715,.T.);
#359=ORIENTED_EDGE('',*,*,#774,.F.);
#360=ORIENTED_EDGE('',*,*,#803,.T.);
#361=ORIENTED_EDGE('',*,*,#804,.F.);
#362=ORIENTED_EDGE('',*,*,#805,.F.);
#363=ORIENTED_EDGE('',*,*,#806,.T.);
#364=ORIENTED_EDGE('',*,*,#708,.F.);
#365=ORIENTED_EDGE('',*,*,#807,.F.);
#366=ORIENTED_EDGE('',*,*,#808,.T.);
#367=ORIENTED_EDGE('',*,*,#809,.T.);
#368=ORIENTED_EDGE('',*,*,#810,.T.);
#369=ORIENTED_EDGE('',*,*,#811,.T.);
#370=ORIENTED_EDGE('',*,*,#812,.T.);
#371=ORIENTED_EDGE('',*,*,#813,.T.);
#372=ORIENTED_EDGE('',*,*,#814,.F.);
#373=ORIENTED_EDGE('',*,*,#815,.F.);
#374=ORIENTED_EDGE('',*,*,#816,.T.);
#375=ORIENTED_EDGE('',*,*,#817,.T.);
#376=ORIENTED_EDGE('',*,*,#818,.F.);
#377=ORIENTED_EDGE('',*,*,#819,.F.);
#378=ORIENTED_EDGE('',*,*,#813,.F.);
#379=ORIENTED_EDGE('',*,*,#776,.T.);
#380=ORIENTED_EDGE('',*,*,#820,.F.);
#381=ORIENTED_EDGE('',*,*,#741,.F.);
#382=ORIENTED_EDGE('',*,*,#821,.T.);
#383=ORIENTED_EDGE('',*,*,#822,.T.);
#384=ORIENTED_EDGE('',*,*,#823,.F.);
#385=ORIENTED_EDGE('',*,*,#824,.F.);
#386=ORIENTED_EDGE('',*,*,#724,.T.);
#387=ORIENTED_EDGE('',*,*,#718,.F.);
#388=ORIENTED_EDGE('',*,*,#825,.F.);
#389=ORIENTED_EDGE('',*,*,#826,.T.);
#390=ORIENTED_EDGE('',*,*,#827,.T.);
#391=ORIENTED_EDGE('',*,*,#828,.T.);
#392=ORIENTED_EDGE('',*,*,#829,.F.);
#393=ORIENTED_EDGE('',*,*,#830,.F.);
#394=ORIENTED_EDGE('',*,*,#825,.T.);
#395=ORIENTED_EDGE('',*,*,#717,.F.);
#396=ORIENTED_EDGE('',*,*,#831,.F.);
#397=ORIENTED_EDGE('',*,*,#725,.F.);
#398=ORIENTED_EDGE('',*,*,#824,.T.);
#399=ORIENTED_EDGE('',*,*,#832,.F.);
#400=ORIENTED_EDGE('',*,*,#772,.T.);
#401=ORIENTED_EDGE('',*,*,#833,.F.);
#402=ORIENTED_EDGE('',*,*,#834,.T.);
#403=ORIENTED_EDGE('',*,*,#827,.F.);
#404=ORIENTED_EDGE('',*,*,#835,.T.);
#405=ORIENTED_EDGE('',*,*,#822,.F.);
#406=ORIENTED_EDGE('',*,*,#836,.F.);
#407=ORIENTED_EDGE('',*,*,#782,.F.);
#408=ORIENTED_EDGE('',*,*,#837,.T.);
#409=ORIENTED_EDGE('',*,*,#833,.T.);
#410=ORIENTED_EDGE('',*,*,#771,.F.);
#411=ORIENTED_EDGE('',*,*,#838,.F.);
#412=ORIENTED_EDGE('',*,*,#834,.F.);
#413=ORIENTED_EDGE('',*,*,#837,.F.);
#414=ORIENTED_EDGE('',*,*,#781,.F.);
#415=ORIENTED_EDGE('',*,*,#839,.T.);
#416=ORIENTED_EDGE('',*,*,#737,.F.);
#417=ORIENTED_EDGE('',*,*,#711,.F.);
#418=ORIENTED_EDGE('',*,*,#840,.F.);
#419=ORIENTED_EDGE('',*,*,#841,.F.);
#420=ORIENTED_EDGE('',*,*,#807,.T.);
#421=ORIENTED_EDGE('',*,*,#707,.F.);
#422=ORIENTED_EDGE('',*,*,#804,.T.);
#423=ORIENTED_EDGE('',*,*,#835,.F.);
#424=ORIENTED_EDGE('',*,*,#826,.F.);
#425=ORIENTED_EDGE('',*,*,#830,.T.);
#426=ORIENTED_EDGE('',*,*,#823,.T.);
#427=ORIENTED_EDGE('',*,*,#719,.F.);
#428=ORIENTED_EDGE('',*,*,#829,.T.);
#429=ORIENTED_EDGE('',*,*,#842,.F.);
#430=ORIENTED_EDGE('',*,*,#843,.F.);
#431=ORIENTED_EDGE('',*,*,#844,.F.);
#432=ORIENTED_EDGE('',*,*,#818,.T.);
#433=ORIENTED_EDGE('',*,*,#845,.F.);
#434=ORIENTED_EDGE('',*,*,#846,.T.);
#435=ORIENTED_EDGE('',*,*,#812,.F.);
#436=ORIENTED_EDGE('',*,*,#847,.T.);
#437=ORIENTED_EDGE('',*,*,#738,.F.);
#438=ORIENTED_EDGE('',*,*,#839,.F.);
#439=ORIENTED_EDGE('',*,*,#780,.F.);
#440=ORIENTED_EDGE('',*,*,#816,.F.);
#441=ORIENTED_EDGE('',*,*,#848,.F.);
#442=ORIENTED_EDGE('',*,*,#843,.T.);
#443=ORIENTED_EDGE('',*,*,#849,.T.);
#444=ORIENTED_EDGE('',*,*,#815,.T.);
#445=ORIENTED_EDGE('',*,*,#850,.F.);
#446=ORIENTED_EDGE('',*,*,#849,.F.);
#447=ORIENTED_EDGE('',*,*,#842,.T.);
#448=ORIENTED_EDGE('',*,*,#828,.F.);
#449=ORIENTED_EDGE('',*,*,#836,.T.);
#450=ORIENTED_EDGE('',*,*,#821,.F.);
#451=ORIENTED_EDGE('',*,*,#740,.F.);
#452=ORIENTED_EDGE('',*,*,#851,.T.);
#453=ORIENTED_EDGE('',*,*,#810,.F.);
#454=ORIENTED_EDGE('',*,*,#814,.T.);
#455=ORIENTED_EDGE('',*,*,#819,.T.);
#456=ORIENTED_EDGE('',*,*,#844,.T.);
#457=ORIENTED_EDGE('',*,*,#848,.T.);
#458=ORIENTED_EDGE('',*,*,#846,.F.);
#459=ORIENTED_EDGE('',*,*,#852,.T.);
#460=ORIENTED_EDGE('',*,*,#778,.T.);
#461=ORIENTED_EDGE('',*,*,#720,.F.);
#462=ORIENTED_EDGE('',*,*,#852,.F.);
#463=ORIENTED_EDGE('',*,*,#845,.T.);
#464=ORIENTED_EDGE('',*,*,#817,.F.);
#465=ORIENTED_EDGE('',*,*,#779,.T.);
#466=ORIENTED_EDGE('',*,*,#851,.F.);
#467=ORIENTED_EDGE('',*,*,#739,.T.);
#468=ORIENTED_EDGE('',*,*,#847,.F.);
#469=ORIENTED_EDGE('',*,*,#811,.F.);
#470=ORIENTED_EDGE('',*,*,#853,.F.);
#471=ORIENTED_EDGE('',*,*,#854,.T.);
#472=ORIENTED_EDGE('',*,*,#855,.T.);
#473=ORIENTED_EDGE('',*,*,#856,.T.);
#474=ORIENTED_EDGE('',*,*,#840,.T.);
#475=ORIENTED_EDGE('',*,*,#710,.T.);
#476=ORIENTED_EDGE('',*,*,#857,.F.);
#477=ORIENTED_EDGE('',*,*,#853,.T.);
#478=ORIENTED_EDGE('',*,*,#709,.F.);
#479=ORIENTED_EDGE('',*,*,#806,.F.);
#480=ORIENTED_EDGE('',*,*,#858,.T.);
#481=ORIENTED_EDGE('',*,*,#859,.T.);
#482=ORIENTED_EDGE('',*,*,#809,.F.);
#483=ORIENTED_EDGE('',*,*,#860,.F.);
#484=ORIENTED_EDGE('',*,*,#856,.F.);
#485=ORIENTED_EDGE('',*,*,#841,.T.);
#486=ORIENTED_EDGE('',*,*,#860,.T.);
#487=ORIENTED_EDGE('',*,*,#808,.F.);
#488=ORIENTED_EDGE('',*,*,#857,.T.);
#489=ORIENTED_EDGE('',*,*,#805,.T.);
#490=ORIENTED_EDGE('',*,*,#859,.F.);
#491=ORIENTED_EDGE('',*,*,#861,.F.);
#492=ORIENTED_EDGE('',*,*,#854,.F.);
#493=ORIENTED_EDGE('',*,*,#861,.T.);
#494=ORIENTED_EDGE('',*,*,#858,.F.);
#495=ORIENTED_EDGE('',*,*,#855,.F.);
#496=ORIENTED_EDGE('',*,*,#773,.T.);
#497=ORIENTED_EDGE('',*,*,#832,.T.);
#498=ORIENTED_EDGE('',*,*,#838,.T.);
#499=ORIENTED_EDGE('',*,*,#803,.F.);
#500=ORIENTED_EDGE('',*,*,#744,.F.);
#501=ORIENTED_EDGE('',*,*,#768,.T.);
#502=ORIENTED_EDGE('',*,*,#765,.F.);
#503=ORIENTED_EDGE('',*,*,#728,.F.);
#504=ORIENTED_EDGE('',*,*,#735,.T.);
#505=ORIENTED_EDGE('',*,*,#733,.T.);
#506=ORIENTED_EDGE('',*,*,#783,.F.);
#507=ORIENTED_EDGE('',*,*,#769,.F.);
#508=ORIENTED_EDGE('',*,*,#764,.T.);
#509=ORIENTED_EDGE('',*,*,#767,.T.);
#510=ORIENTED_EDGE('',*,*,#742,.T.);
#511=ORIENTED_EDGE('',*,*,#820,.T.);
#512=ORIENTED_EDGE('',*,*,#775,.T.);
#513=ORIENTED_EDGE('',*,*,#731,.F.);
#514=ORIENTED_EDGE('',*,*,#734,.F.);
#515=ORIENTED_EDGE('',*,*,#726,.T.);
#516=ORIENTED_EDGE('',*,*,#777,.T.);
#517=ORIENTED_EDGE('',*,*,#862,.F.);
#518=ORIENTED_EDGE('',*,*,#831,.T.);
#519=ORIENTED_EDGE('',*,*,#863,.F.);
#520=ORIENTED_EDGE('',*,*,#716,.T.);
#521=ORIENTED_EDGE('',*,*,#862,.T.);
#522=ORIENTED_EDGE('',*,*,#722,.T.);
#523=ORIENTED_EDGE('',*,*,#863,.T.);
#524=ORIENTED_EDGE('',*,*,#850,.T.);
#525=ORIENTED_EDGE('',*,*,#746,.T.);
#526=ORIENTED_EDGE('',*,*,#712,.T.);
#527=ORIENTED_EDGE('',*,*,#802,.F.);
#528=ORIENTED_EDGE('',*,*,#864,.T.);
#529=ORIENTED_EDGE('',*,*,#705,.F.);
#530=ORIENTED_EDGE('',*,*,#736,.T.);
#531=ORIENTED_EDGE('',*,*,#865,.F.);
#532=ORIENTED_EDGE('',*,*,#784,.F.);
#533=ORIENTED_EDGE('',*,*,#785,.F.);
#534=ORIENTED_EDGE('',*,*,#865,.T.);
#535=ORIENTED_EDGE('',*,*,#763,.T.);
#536=ORIENTED_EDGE('',*,*,#866,.F.);
#537=ORIENTED_EDGE('',*,*,#786,.F.);
#538=ORIENTED_EDGE('',*,*,#866,.T.);
#539=ORIENTED_EDGE('',*,*,#762,.T.);
#540=ORIENTED_EDGE('',*,*,#867,.F.);
#541=ORIENTED_EDGE('',*,*,#787,.F.);
#542=ORIENTED_EDGE('',*,*,#867,.T.);
#543=ORIENTED_EDGE('',*,*,#761,.T.);
#544=ORIENTED_EDGE('',*,*,#868,.F.);
#545=ORIENTED_EDGE('',*,*,#788,.F.);
#546=ORIENTED_EDGE('',*,*,#868,.T.);
#547=ORIENTED_EDGE('',*,*,#760,.T.);
#548=ORIENTED_EDGE('',*,*,#869,.F.);
#549=ORIENTED_EDGE('',*,*,#789,.F.);
#550=ORIENTED_EDGE('',*,*,#869,.T.);
#551=ORIENTED_EDGE('',*,*,#759,.T.);
#552=ORIENTED_EDGE('',*,*,#870,.F.);
#553=ORIENTED_EDGE('',*,*,#790,.F.);
#554=ORIENTED_EDGE('',*,*,#870,.T.);
#555=ORIENTED_EDGE('',*,*,#758,.T.);
#556=ORIENTED_EDGE('',*,*,#871,.F.);
#557=ORIENTED_EDGE('',*,*,#791,.F.);
#558=ORIENTED_EDGE('',*,*,#871,.T.);
#559=ORIENTED_EDGE('',*,*,#757,.T.);
#560=ORIENTED_EDGE('',*,*,#872,.F.);
#561=ORIENTED_EDGE('',*,*,#792,.F.);
#562=ORIENTED_EDGE('',*,*,#872,.T.);
#563=ORIENTED_EDGE('',*,*,#756,.T.);
#564=ORIENTED_EDGE('',*,*,#873,.F.);
#565=ORIENTED_EDGE('',*,*,#793,.F.);
#566=ORIENTED_EDGE('',*,*,#873,.T.);
#567=ORIENTED_EDGE('',*,*,#755,.T.);
#568=ORIENTED_EDGE('',*,*,#874,.F.);
#569=ORIENTED_EDGE('',*,*,#794,.F.);
#570=ORIENTED_EDGE('',*,*,#874,.T.);
#571=ORIENTED_EDGE('',*,*,#754,.T.);
#572=ORIENTED_EDGE('',*,*,#875,.F.);
#573=ORIENTED_EDGE('',*,*,#795,.F.);
#574=ORIENTED_EDGE('',*,*,#875,.T.);
#575=ORIENTED_EDGE('',*,*,#753,.T.);
#576=ORIENTED_EDGE('',*,*,#876,.F.);
#577=ORIENTED_EDGE('',*,*,#796,.F.);
#578=ORIENTED_EDGE('',*,*,#876,.T.);
#579=ORIENTED_EDGE('',*,*,#752,.T.);
#580=ORIENTED_EDGE('',*,*,#877,.F.);
#581=ORIENTED_EDGE('',*,*,#797,.F.);
#582=ORIENTED_EDGE('',*,*,#877,.T.);
#583=ORIENTED_EDGE('',*,*,#751,.T.);
#584=ORIENTED_EDGE('',*,*,#878,.F.);
#585=ORIENTED_EDGE('',*,*,#798,.F.);
#586=ORIENTED_EDGE('',*,*,#878,.T.);
#587=ORIENTED_EDGE('',*,*,#750,.T.);
#588=ORIENTED_EDGE('',*,*,#879,.F.);
#589=ORIENTED_EDGE('',*,*,#799,.F.);
#590=ORIENTED_EDGE('',*,*,#879,.T.);
#591=ORIENTED_EDGE('',*,*,#749,.T.);
#592=ORIENTED_EDGE('',*,*,#880,.F.);
#593=ORIENTED_EDGE('',*,*,#800,.F.);
#594=ORIENTED_EDGE('',*,*,#880,.T.);
#595=ORIENTED_EDGE('',*,*,#748,.T.);
#596=ORIENTED_EDGE('',*,*,#881,.F.);
#597=ORIENTED_EDGE('',*,*,#801,.F.);
#598=ORIENTED_EDGE('',*,*,#881,.T.);
#599=ORIENTED_EDGE('',*,*,#747,.T.);
#600=ORIENTED_EDGE('',*,*,#864,.F.);
#601=ORIENTED_EDGE('',*,*,#882,.F.);
#602=ORIENTED_EDGE('',*,*,#883,.F.);
#603=ORIENTED_EDGE('',*,*,#884,.T.);
#604=ORIENTED_EDGE('',*,*,#885,.T.);
#605=ORIENTED_EDGE('',*,*,#886,.T.);
#606=ORIENTED_EDGE('',*,*,#887,.F.);
#607=ORIENTED_EDGE('',*,*,#888,.F.);
#608=ORIENTED_EDGE('',*,*,#882,.T.);
#609=ORIENTED_EDGE('',*,*,#887,.T.);
#610=ORIENTED_EDGE('',*,*,#889,.F.);
#611=ORIENTED_EDGE('',*,*,#890,.F.);
#612=ORIENTED_EDGE('',*,*,#891,.T.);
#613=ORIENTED_EDGE('',*,*,#888,.T.);
#614=ORIENTED_EDGE('',*,*,#891,.F.);
#615=ORIENTED_EDGE('',*,*,#892,.F.);
#616=ORIENTED_EDGE('',*,*,#883,.T.);
#617=ORIENTED_EDGE('',*,*,#886,.F.);
#618=ORIENTED_EDGE('',*,*,#885,.F.);
#619=ORIENTED_EDGE('',*,*,#893,.T.);
#620=ORIENTED_EDGE('',*,*,#889,.T.);
#621=ORIENTED_EDGE('',*,*,#893,.F.);
#622=ORIENTED_EDGE('',*,*,#884,.F.);
#623=ORIENTED_EDGE('',*,*,#892,.T.);
#624=ORIENTED_EDGE('',*,*,#890,.T.);
#625=EDGE_CURVE('',#894,#895,#1071,.T.);
#626=EDGE_CURVE('',#896,#894,#1072,.T.);
#627=EDGE_CURVE('',#896,#897,#1073,.T.);
#628=EDGE_CURVE('',#897,#895,#1074,.T.);
#629=EDGE_CURVE('',#898,#899,#1075,.T.);
#630=EDGE_CURVE('',#899,#900,#1076,.T.);
#631=EDGE_CURVE('',#901,#900,#1077,.T.);
#632=EDGE_CURVE('',#898,#901,#1078,.T.);
#633=EDGE_CURVE('',#894,#899,#1079,.T.);
#634=EDGE_CURVE('',#898,#896,#1080,.T.);
#635=EDGE_CURVE('',#895,#900,#1081,.T.);
#636=EDGE_CURVE('',#901,#897,#1082,.T.);
#637=EDGE_CURVE('',#902,#903,#1083,.T.);
#638=EDGE_CURVE('',#902,#904,#1084,.T.);
#639=EDGE_CURVE('',#905,#904,#1085,.T.);
#640=EDGE_CURVE('',#906,#905,#1086,.T.);
#641=EDGE_CURVE('',#906,#907,#1087,.T.);
#642=EDGE_CURVE('',#907,#908,#1088,.T.);
#643=EDGE_CURVE('',#909,#908,#1089,.T.);
#644=EDGE_CURVE('',#903,#909,#1090,.T.);
#645=EDGE_CURVE('',#904,#910,#1091,.T.);
#646=EDGE_CURVE('',#910,#911,#1092,.T.);
#647=EDGE_CURVE('',#909,#911,#1093,.T.);
#648=EDGE_CURVE('',#908,#912,#1094,.T.);
#649=EDGE_CURVE('',#912,#913,#1095,.T.);
#650=EDGE_CURVE('',#905,#913,#1096,.T.);
#651=EDGE_CURVE('',#914,#915,#1097,.T.);
#652=EDGE_CURVE('',#914,#916,#1098,.T.);
#653=EDGE_CURVE('',#916,#917,#1099,.T.);
#654=EDGE_CURVE('',#918,#917,#1100,.T.);
#655=EDGE_CURVE('',#919,#918,#1101,.T.);
#656=EDGE_CURVE('',#915,#919,#1102,.T.);
#657=EDGE_CURVE('',#920,#921,#1103,.T.);
#658=EDGE_CURVE('',#921,#916,#1104,.T.);
#659=EDGE_CURVE('',#913,#914,#1105,.T.);
#660=EDGE_CURVE('',#920,#912,#1106,.T.);
#661=EDGE_CURVE('',#922,#923,#1107,.T.);
#662=EDGE_CURVE('',#924,#922,#1108,.T.);
#663=EDGE_CURVE('',#924,#919,#1109,.T.);
#664=EDGE_CURVE('',#923,#918,#1110,.T.);
#665=EDGE_CURVE('',#923,#917,#1111,.T.);
#666=EDGE_CURVE('',#907,#920,#1112,.T.);
#667=EDGE_CURVE('',#925,#926,#1113,.T.);
#668=EDGE_CURVE('',#927,#926,#1114,.T.);
#669=EDGE_CURVE('',#927,#928,#1115,.T.);
#670=EDGE_CURVE('',#928,#929,#1116,.T.);
#671=EDGE_CURVE('',#930,#929,#1117,.T.);
#672=EDGE_CURVE('',#930,#925,#1118,.T.);
#673=EDGE_CURVE('',#926,#931,#1119,.T.);
#674=EDGE_CURVE('',#932,#931,#1120,.T.);
#675=EDGE_CURVE('',#933,#932,#1121,.T.);
#676=EDGE_CURVE('',#934,#933,#1122,.T.);
#677=EDGE_CURVE('',#934,#927,#1123,.T.);
#678=EDGE_CURVE('',#931,#935,#1124,.T.);
#679=EDGE_CURVE('',#936,#935,#1125,.T.);
#680=EDGE_CURVE('',#932,#936,#1126,.T.);
#681=EDGE_CURVE('',#937,#915,#1127,.T.);
#682=EDGE_CURVE('',#938,#937,#1128,.T.);
#683=EDGE_CURVE('',#938,#939,#33,.T.);
#684=EDGE_CURVE('',#940,#939,#1129,.T.);
#685=EDGE_CURVE('',#930,#940,#1130,.T.);
#686=EDGE_CURVE('',#906,#929,#1131,.T.);
#687=EDGE_CURVE('',#921,#941,#1132,.T.);
#688=EDGE_CURVE('',#928,#942,#1133,.T.);
#689=EDGE_CURVE('',#942,#938,#1134,.T.);
#690=EDGE_CURVE('',#937,#924,#1135,.T.);
#691=EDGE_CURVE('',#941,#922,#1136,.T.);
#692=EDGE_CURVE('',#936,#933,#1137,.T.);
#693=EDGE_CURVE('',#940,#936,#1138,.T.);
#694=EDGE_CURVE('',#939,#943,#1139,.F.);
#695=EDGE_CURVE('',#934,#943,#1140,.T.);
#696=EDGE_CURVE('',#935,#925,#1141,.T.);
#697=EDGE_CURVE('',#943,#942,#32,.F.);
#698=EDGE_CURVE('',#916,#941,#1142,.T.);
#699=EDGE_CURVE('',#902,#944,#1143,.T.);
#700=EDGE_CURVE('',#944,#910,#1144,.T.);
#701=EDGE_CURVE('',#945,#911,#1145,.T.);
#702=EDGE_CURVE('',#903,#945,#1146,.T.);
#703=EDGE_CURVE('',#944,#945,#1147,.T.);
#704=EDGE_CURVE('',#946,#947,#1148,.T.);
#705=EDGE_CURVE('',#946,#948,#1149,.F.);
#706=EDGE_CURVE('',#948,#949,#1150,.T.);
#707=EDGE_CURVE('',#949,#950,#1151,.T.);
#708=EDGE_CURVE('',#950,#951,#1152,.T.);
#709=EDGE_CURVE('',#951,#952,#1153,.T.);
#710=EDGE_CURVE('',#953,#952,#1154,.T.);
#711=EDGE_CURVE('',#953,#947,#1155,.T.);
#712=EDGE_CURVE('',#954,#955,#1156,.F.);
#713=EDGE_CURVE('',#956,#954,#34,.F.);
#714=EDGE_CURVE('',#957,#956,#1157,.F.);
#715=EDGE_CURVE('',#955,#957,#35,.F.);
#716=EDGE_CURVE('',#958,#959,#36,.F.);
#717=EDGE_CURVE('',#958,#960,#1158,.T.);
#718=EDGE_CURVE('',#960,#961,#1159,.T.);
#719=EDGE_CURVE('',#961,#962,#1160,.T.);
#720=EDGE_CURVE('',#962,#963,#1161,.T.);
#721=EDGE_CURVE('',#963,#959,#1162,.T.);
#722=EDGE_CURVE('',#964,#965,#37,.F.);
#723=EDGE_CURVE('',#964,#966,#1163,.T.);
#724=EDGE_CURVE('',#967,#966,#1164,.T.);
#725=EDGE_CURVE('',#967,#965,#1165,.T.);
#726=EDGE_CURVE('',#968,#969,#1166,.T.);
#727=EDGE_CURVE('',#968,#970,#1167,.T.);
#728=EDGE_CURVE('',#970,#971,#1168,.T.);
#729=EDGE_CURVE('',#969,#971,#1169,.T.);
#730=EDGE_CURVE('',#972,#973,#1170,.T.);
#731=EDGE_CURVE('',#972,#974,#1171,.T.);
#732=EDGE_CURVE('',#974,#975,#1172,.T.);
#733=EDGE_CURVE('',#973,#975,#1173,.T.);
#734=EDGE_CURVE('',#968,#972,#1174,.T.);
#735=EDGE_CURVE('',#970,#973,#1175,.T.);
#736=EDGE_CURVE('',#946,#976,#38,.F.);
#737=EDGE_CURVE('',#947,#977,#1176,.T.);
#738=EDGE_CURVE('',#977,#978,#1177,.T.);
#739=EDGE_CURVE('',#979,#978,#1178,.T.);
#740=EDGE_CURVE('',#979,#980,#1179,.T.);
#741=EDGE_CURVE('',#980,#981,#1180,.T.);
#742=EDGE_CURVE('',#982,#981,#1181,.T.);
#743=EDGE_CURVE('',#982,#983,#1182,.T.);
#744=EDGE_CURVE('',#983,#984,#1183,.T.);
#745=EDGE_CURVE('',#984,#956,#1184,.T.);
#746=EDGE_CURVE('',#985,#954,#39,.F.);
#747=EDGE_CURVE('',#986,#985,#40,.F.);
#748=EDGE_CURVE('',#987,#986,#41,.F.);
#749=EDGE_CURVE('',#988,#987,#42,.F.);
#750=EDGE_CURVE('',#989,#988,#43,.F.);
#751=EDGE_CURVE('',#990,#989,#44,.F.);
#752=EDGE_CURVE('',#991,#990,#45,.F.);
#753=EDGE_CURVE('',#992,#991,#46,.F.);
#754=EDGE_CURVE('',#993,#992,#47,.F.);
#755=EDGE_CURVE('',#994,#993,#48,.F.);
#756=EDGE_CURVE('',#995,#994,#49,.F.);
#757=EDGE_CURVE('',#996,#995,#50,.F.);
#758=EDGE_CURVE('',#997,#996,#51,.F.);
#759=EDGE_CURVE('',#998,#997,#52,.F.);
#760=EDGE_CURVE('',#999,#998,#53,.F.);
#761=EDGE_CURVE('',#1000,#999,#54,.F.);
#762=EDGE_CURVE('',#1001,#1000,#55,.F.);
#763=EDGE_CURVE('',#976,#1001,#56,.F.);
#764=EDGE_CURVE('',#969,#1002,#1185,.T.);
#765=EDGE_CURVE('',#971,#1003,#1186,.T.);
#766=EDGE_CURVE('',#1002,#1003,#1187,.T.);
#767=EDGE_CURVE('',#1002,#982,#1188,.T.);
#768=EDGE_CURVE('',#983,#1003,#1189,.T.);
#769=EDGE_CURVE('',#984,#1004,#1190,.T.);
#770=EDGE_CURVE('',#1004,#1005,#1191,.T.);
#771=EDGE_CURVE('',#1005,#1006,#1192,.T.);
#772=EDGE_CURVE('',#1007,#1006,#1193,.T.);
#773=EDGE_CURVE('',#1008,#1007,#1194,.T.);
#774=EDGE_CURVE('',#1008,#957,#1195,.T.);
#775=EDGE_CURVE('',#1009,#974,#1196,.T.);
#776=EDGE_CURVE('',#966,#1009,#1197,.T.);
#777=EDGE_CURVE('',#959,#964,#1198,.T.);
#778=EDGE_CURVE('',#1010,#963,#1199,.T.);
#779=EDGE_CURVE('',#1011,#1010,#1200,.T.);
#780=EDGE_CURVE('',#1011,#1012,#1201,.T.);
#781=EDGE_CURVE('',#1012,#1013,#1202,.T.);
#782=EDGE_CURVE('',#1013,#1005,#1203,.T.);
#783=EDGE_CURVE('',#1004,#975,#1204,.T.);
#784=EDGE_CURVE('',#948,#1014,#57,.T.);
#785=EDGE_CURVE('',#1014,#1015,#58,.T.);
#786=EDGE_CURVE('',#1015,#1016,#59,.T.);
#787=EDGE_CURVE('',#1016,#1017,#60,.T.);
#788=EDGE_CURVE('',#1017,#1018,#61,.T.);
#789=EDGE_CURVE('',#1018,#1019,#62,.T.);
#790=EDGE_CURVE('',#1019,#1020,#63,.T.);
#791=EDGE_CURVE('',#1020,#1021,#64,.T.);
#792=EDGE_CURVE('',#1021,#1022,#65,.T.);
#793=EDGE_CURVE('',#1022,#1023,#66,.T.);
#794=EDGE_CURVE('',#1023,#1024,#67,.T.);
#795=EDGE_CURVE('',#1024,#1025,#68,.T.);
#796=EDGE_CURVE('',#1025,#1026,#69,.T.);
#797=EDGE_CURVE('',#1026,#1027,#70,.T.);
#798=EDGE_CURVE('',#1027,#1028,#71,.T.);
#799=EDGE_CURVE('',#1028,#1029,#72,.T.);
#800=EDGE_CURVE('',#1029,#1030,#73,.T.);
#801=EDGE_CURVE('',#1030,#1031,#74,.T.);
#802=EDGE_CURVE('',#1031,#955,#75,.T.);
#803=EDGE_CURVE('',#1008,#1032,#1205,.T.);
#804=EDGE_CURVE('',#949,#1032,#1206,.T.);
#805=EDGE_CURVE('',#1033,#1034,#1207,.T.);
#806=EDGE_CURVE('',#1033,#951,#1208,.T.);
#807=EDGE_CURVE('',#1035,#950,#1209,.T.);
#808=EDGE_CURVE('',#1035,#1036,#1210,.T.);
#809=EDGE_CURVE('',#1036,#1034,#1211,.T.);
#810=EDGE_CURVE('',#1037,#1038,#1212,.T.);
#811=EDGE_CURVE('',#1038,#1039,#1213,.T.);
#812=EDGE_CURVE('',#1039,#1040,#1214,.T.);
#813=EDGE_CURVE('',#1040,#1041,#1215,.T.);
#814=EDGE_CURVE('',#1042,#1041,#1216,.T.);
#815=EDGE_CURVE('',#1037,#1042,#1217,.T.);
#816=EDGE_CURVE('',#1040,#1011,#1218,.T.);
#817=EDGE_CURVE('',#1011,#1043,#1219,.T.);
#818=EDGE_CURVE('',#1044,#1043,#1220,.T.);
#819=EDGE_CURVE('',#1041,#1044,#1221,.T.);
#820=EDGE_CURVE('',#981,#1009,#1222,.T.);
#821=EDGE_CURVE('',#980,#1045,#1223,.T.);
#822=EDGE_CURVE('',#1045,#1046,#1224,.T.);
#823=EDGE_CURVE('',#1047,#1046,#1225,.T.);
#824=EDGE_CURVE('',#967,#1047,#1226,.T.);
#825=EDGE_CURVE('',#1048,#960,#1227,.T.);
#826=EDGE_CURVE('',#1048,#1049,#1228,.T.);
#827=EDGE_CURVE('',#1049,#1050,#1229,.T.);
#828=EDGE_CURVE('',#1050,#1051,#1230,.T.);
#829=EDGE_CURVE('',#961,#1051,#1231,.T.);
#830=EDGE_CURVE('',#1048,#1047,#1232,.T.);
#831=EDGE_CURVE('',#965,#958,#1233,.T.);
#832=EDGE_CURVE('',#1007,#1052,#1234,.T.);
#833=EDGE_CURVE('',#1053,#1006,#1235,.T.);
#834=EDGE_CURVE('',#1053,#1052,#1236,.T.);
#835=EDGE_CURVE('',#1049,#1046,#1237,.T.);
#836=EDGE_CURVE('',#1050,#1045,#1238,.T.);
#837=EDGE_CURVE('',#1013,#1053,#1239,.T.);
#838=EDGE_CURVE('',#1052,#1032,#1240,.T.);
#839=EDGE_CURVE('',#1012,#977,#1241,.T.);
#840=EDGE_CURVE('',#1054,#953,#1242,.T.);
#841=EDGE_CURVE('',#1035,#1054,#1243,.T.);
#842=EDGE_CURVE('',#1055,#1051,#1244,.T.);
#843=EDGE_CURVE('',#1056,#1055,#1245,.T.);
#844=EDGE_CURVE('',#1044,#1056,#1246,.T.);
#845=EDGE_CURVE('',#1057,#1043,#1247,.T.);
#846=EDGE_CURVE('',#1057,#962,#1248,.T.);
#847=EDGE_CURVE('',#1039,#978,#1249,.F.);
#848=EDGE_CURVE('',#1056,#1042,#1250,.T.);
#849=EDGE_CURVE('',#1055,#1037,#1251,.T.);
#850=EDGE_CURVE('',#1058,#1058,#76,.T.);
#851=EDGE_CURVE('',#979,#1038,#1252,.F.);
#852=EDGE_CURVE('',#1057,#1010,#1253,.T.);
#853=EDGE_CURVE('',#1059,#952,#1254,.T.);
#854=EDGE_CURVE('',#1059,#1060,#1255,.T.);
#855=EDGE_CURVE('',#1060,#1061,#1256,.T.);
#856=EDGE_CURVE('',#1061,#1054,#1257,.T.);
#857=EDGE_CURVE('',#1059,#1033,#1258,.T.);
#858=EDGE_CURVE('',#1061,#1062,#1259,.T.);
#859=EDGE_CURVE('',#1062,#1034,#1260,.T.);
#860=EDGE_CURVE('',#1054,#1036,#1261,.T.);
#861=EDGE_CURVE('',#1060,#1062,#1262,.T.);
#862=EDGE_CURVE('',#959,#964,#77,.F.);
#863=EDGE_CURVE('',#965,#958,#78,.F.);
#864=EDGE_CURVE('',#1031,#985,#1263,.T.);
#865=EDGE_CURVE('',#1014,#976,#1264,.T.);
#866=EDGE_CURVE('',#1015,#1001,#1265,.T.);
#867=EDGE_CURVE('',#1016,#1000,#1266,.T.);
#868=EDGE_CURVE('',#1017,#999,#1267,.T.);
#869=EDGE_CURVE('',#1018,#998,#1268,.T.);
#870=EDGE_CURVE('',#1019,#997,#1269,.T.);
#871=EDGE_CURVE('',#1020,#996,#1270,.T.);
#872=EDGE_CURVE('',#1021,#995,#1271,.T.);
#873=EDGE_CURVE('',#1022,#994,#1272,.T.);
#874=EDGE_CURVE('',#1023,#993,#1273,.T.);
#875=EDGE_CURVE('',#1024,#992,#1274,.T.);
#876=EDGE_CURVE('',#1025,#991,#1275,.T.);
#877=EDGE_CURVE('',#1026,#990,#1276,.T.);
#878=EDGE_CURVE('',#1027,#989,#1277,.T.);
#879=EDGE_CURVE('',#1028,#988,#1278,.T.);
#880=EDGE_CURVE('',#1029,#987,#1279,.T.);
#881=EDGE_CURVE('',#1030,#986,#1280,.T.);
#882=EDGE_CURVE('',#1063,#1064,#1281,.T.);
#883=EDGE_CURVE('',#1065,#1063,#1282,.T.);
#884=EDGE_CURVE('',#1065,#1066,#1283,.T.);
#885=EDGE_CURVE('',#1066,#1064,#1284,.T.);
#886=EDGE_CURVE('',#1064,#1067,#1285,.T.);
#887=EDGE_CURVE('',#1068,#1067,#1286,.T.);
#888=EDGE_CURVE('',#1063,#1068,#1287,.T.);
#889=EDGE_CURVE('',#1069,#1067,#1288,.T.);
#890=EDGE_CURVE('',#1070,#1069,#1289,.T.);
#891=EDGE_CURVE('',#1070,#1068,#1290,.T.);
#892=EDGE_CURVE('',#1065,#1070,#1291,.T.);
#893=EDGE_CURVE('',#1066,#1069,#1292,.T.);
#894=VERTEX_POINT('',#2623);
#895=VERTEX_POINT('',#2624);
#896=VERTEX_POINT('',#2626);
#897=VERTEX_POINT('',#2628);
#898=VERTEX_POINT('',#2632);
#899=VERTEX_POINT('',#2633);
#900=VERTEX_POINT('',#2635);
#901=VERTEX_POINT('',#2637);
#902=VERTEX_POINT('',#2650);
#903=VERTEX_POINT('',#2651);
#904=VERTEX_POINT('',#2653);
#905=VERTEX_POINT('',#2655);
#906=VERTEX_POINT('',#2657);
#907=VERTEX_POINT('',#2659);
#908=VERTEX_POINT('',#2661);
#909=VERTEX_POINT('',#2663);
#910=VERTEX_POINT('',#2667);
#911=VERTEX_POINT('',#2669);
#912=VERTEX_POINT('',#2672);
#913=VERTEX_POINT('',#2674);
#914=VERTEX_POINT('',#2678);
#915=VERTEX_POINT('',#2679);
#916=VERTEX_POINT('',#2681);
#917=VERTEX_POINT('',#2683);
#918=VERTEX_POINT('',#2685);
#919=VERTEX_POINT('',#2687);
#920=VERTEX_POINT('',#2691);
#921=VERTEX_POINT('',#2692);
#922=VERTEX_POINT('',#2698);
#923=VERTEX_POINT('',#2699);
#924=VERTEX_POINT('',#2701);
#925=VERTEX_POINT('',#2710);
#926=VERTEX_POINT('',#2711);
#927=VERTEX_POINT('',#2713);
#928=VERTEX_POINT('',#2715);
#929=VERTEX_POINT('',#2717);
#930=VERTEX_POINT('',#2719);
#931=VERTEX_POINT('',#2723);
#932=VERTEX_POINT('',#2725);
#933=VERTEX_POINT('',#2727);
#934=VERTEX_POINT('',#2729);
#935=VERTEX_POINT('',#2733);
#936=VERTEX_POINT('',#2735);
#937=VERTEX_POINT('',#2739);
#938=VERTEX_POINT('',#2741);
#939=VERTEX_POINT('',#2743);
#940=VERTEX_POINT('',#2745);
#941=VERTEX_POINT('',#2750);
#942=VERTEX_POINT('',#2752);
#943=VERTEX_POINT('',#2761);
#944=VERTEX_POINT('',#2775);
#945=VERTEX_POINT('',#2779);
#946=VERTEX_POINT('',#2787);
#947=VERTEX_POINT('',#2788);
#948=VERTEX_POINT('',#2790);
#949=VERTEX_POINT('',#2792);
#950=VERTEX_POINT('',#2794);
#951=VERTEX_POINT('',#2796);
#952=VERTEX_POINT('',#2798);
#953=VERTEX_POINT('',#2800);
#954=VERTEX_POINT('',#2804);
#955=VERTEX_POINT('',#2805);
#956=VERTEX_POINT('',#2807);
#957=VERTEX_POINT('',#2809);
#958=VERTEX_POINT('',#2813);
#959=VERTEX_POINT('',#2814);
#960=VERTEX_POINT('',#2816);
#961=VERTEX_POINT('',#2818);
#962=VERTEX_POINT('',#2820);
#963=VERTEX_POINT('',#2822);
#964=VERTEX_POINT('',#2826);
#965=VERTEX_POINT('',#2827);
#966=VERTEX_POINT('',#2829);
#967=VERTEX_POINT('',#2831);
#968=VERTEX_POINT('',#2835);
#969=VERTEX_POINT('',#2836);
#970=VERTEX_POINT('',#2838);
#971=VERTEX_POINT('',#2840);
#972=VERTEX_POINT('',#2844);
#973=VERTEX_POINT('',#2845);
#974=VERTEX_POINT('',#2847);
#975=VERTEX_POINT('',#2849);
#976=VERTEX_POINT('',#2856);
#977=VERTEX_POINT('',#2858);
#978=VERTEX_POINT('',#2860);
#979=VERTEX_POINT('',#2862);
#980=VERTEX_POINT('',#2864);
#981=VERTEX_POINT('',#2866);
#982=VERTEX_POINT('',#2868);
#983=VERTEX_POINT('',#2870);
#984=VERTEX_POINT('',#2872);
#985=VERTEX_POINT('',#2875);
#986=VERTEX_POINT('',#2877);
#987=VERTEX_POINT('',#2879);
#988=VERTEX_POINT('',#2881);
#989=VERTEX_POINT('',#2883);
#990=VERTEX_POINT('',#2885);
#991=VERTEX_POINT('',#2887);
#992=VERTEX_POINT('',#2889);
#993=VERTEX_POINT('',#2891);
#994=VERTEX_POINT('',#2893);
#995=VERTEX_POINT('',#2895);
#996=VERTEX_POINT('',#2897);
#997=VERTEX_POINT('',#2899);
#998=VERTEX_POINT('',#2901);
#999=VERTEX_POINT('',#2903);
#1000=VERTEX_POINT('',#2905);
#1001=VERTEX_POINT('',#2907);
#1002=VERTEX_POINT('',#2911);
#1003=VERTEX_POINT('',#2913);
#1004=VERTEX_POINT('',#2920);
#1005=VERTEX_POINT('',#2922);
#1006=VERTEX_POINT('',#2924);
#1007=VERTEX_POINT('',#2926);
#1008=VERTEX_POINT('',#2928);
#1009=VERTEX_POINT('',#2932);
#1010=VERTEX_POINT('',#2936);
#1011=VERTEX_POINT('',#2938);
#1012=VERTEX_POINT('',#2940);
#1013=VERTEX_POINT('',#2942);
#1014=VERTEX_POINT('',#2947);
#1015=VERTEX_POINT('',#2949);
#1016=VERTEX_POINT('',#2951);
#1017=VERTEX_POINT('',#2953);
#1018=VERTEX_POINT('',#2955);
#1019=VERTEX_POINT('',#2957);
#1020=VERTEX_POINT('',#2959);
#1021=VERTEX_POINT('',#2961);
#1022=VERTEX_POINT('',#2963);
#1023=VERTEX_POINT('',#2965);
#1024=VERTEX_POINT('',#2967);
#1025=VERTEX_POINT('',#2969);
#1026=VERTEX_POINT('',#2971);
#1027=VERTEX_POINT('',#2973);
#1028=VERTEX_POINT('',#2975);
#1029=VERTEX_POINT('',#2977);
#1030=VERTEX_POINT('',#2979);
#1031=VERTEX_POINT('',#2981);
#1032=VERTEX_POINT('',#2984);
#1033=VERTEX_POINT('',#2988);
#1034=VERTEX_POINT('',#2989);
#1035=VERTEX_POINT('',#2992);
#1036=VERTEX_POINT('',#2994);
#1037=VERTEX_POINT('',#2998);
#1038=VERTEX_POINT('',#2999);
#1039=VERTEX_POINT('',#3001);
#1040=VERTEX_POINT('',#3003);
#1041=VERTEX_POINT('',#3005);
#1042=VERTEX_POINT('',#3007);
#1043=VERTEX_POINT('',#3012);
#1044=VERTEX_POINT('',#3014);
#1045=VERTEX_POINT('',#3019);
#1046=VERTEX_POINT('',#3021);
#1047=VERTEX_POINT('',#3023);
#1048=VERTEX_POINT('',#3027);
#1049=VERTEX_POINT('',#3029);
#1050=VERTEX_POINT('',#3031);
#1051=VERTEX_POINT('',#3033);
#1052=VERTEX_POINT('',#3040);
#1053=VERTEX_POINT('',#3042);
#1054=VERTEX_POINT('',#3053);
#1055=VERTEX_POINT('',#3058);
#1056=VERTEX_POINT('',#3060);
#1057=VERTEX_POINT('',#3063);
#1058=VERTEX_POINT('',#3072);
#1059=VERTEX_POINT('',#3081);
#1060=VERTEX_POINT('',#3083);
#1061=VERTEX_POINT('',#3085);
#1062=VERTEX_POINT('',#3091);
#1063=VERTEX_POINT('',#3146);
#1064=VERTEX_POINT('',#3147);
#1065=VERTEX_POINT('',#3149);
#1066=VERTEX_POINT('',#3151);
#1067=VERTEX_POINT('',#3155);
#1068=VERTEX_POINT('',#3157);
#1069=VERTEX_POINT('',#3161);
#1070=VERTEX_POINT('',#3163);
#1071=LINE('',#2622,#1293);
#1072=LINE('',#2625,#1294);
#1073=LINE('',#2627,#1295);
#1074=LINE('',#2629,#1296);
#1075=LINE('',#2631,#1297);
#1076=LINE('',#2634,#1298);
#1077=LINE('',#2636,#1299);
#1078=LINE('',#2638,#1300);
#1079=LINE('',#2640,#1301);
#1080=LINE('',#2641,#1302);
#1081=LINE('',#2643,#1303);
#1082=LINE('',#2644,#1304);
#1083=LINE('',#2649,#1305);
#1084=LINE('',#2652,#1306);
#1085=LINE('',#2654,#1307);
#1086=LINE('',#2656,#1308);
#1087=LINE('',#2658,#1309);
#1088=LINE('',#2660,#1310);
#1089=LINE('',#2662,#1311);
#1090=LINE('',#2664,#1312);
#1091=LINE('',#2666,#1313);
#1092=LINE('',#2668,#1314);
#1093=LINE('',#2670,#1315);
#1094=LINE('',#2671,#1316);
#1095=LINE('',#2673,#1317);
#1096=LINE('',#2675,#1318);
#1097=LINE('',#2677,#1319);
#1098=LINE('',#2680,#1320);
#1099=LINE('',#2682,#1321);
#1100=LINE('',#2684,#1322);
#1101=LINE('',#2686,#1323);
#1102=LINE('',#2688,#1324);
#1103=LINE('',#2690,#1325);
#1104=LINE('',#2693,#1326);
#1105=LINE('',#2694,#1327);
#1106=LINE('',#2695,#1328);
#1107=LINE('',#2697,#1329);
#1108=LINE('',#2700,#1330);
#1109=LINE('',#2702,#1331);
#1110=LINE('',#2703,#1332);
#1111=LINE('',#2705,#1333);
#1112=LINE('',#2707,#1334);
#1113=LINE('',#2709,#1335);
#1114=LINE('',#2712,#1336);
#1115=LINE('',#2714,#1337);
#1116=LINE('',#2716,#1338);
#1117=LINE('',#2718,#1339);
#1118=LINE('',#2720,#1340);
#1119=LINE('',#2722,#1341);
#1120=LINE('',#2724,#1342);
#1121=LINE('',#2726,#1343);
#1122=LINE('',#2728,#1344);
#1123=LINE('',#2730,#1345);
#1124=LINE('',#2732,#1346);
#1125=LINE('',#2734,#1347);
#1126=LINE('',#2736,#1348);
#1127=LINE('',#2738,#1349);
#1128=LINE('',#2740,#1350);
#1129=LINE('',#2744,#1351);
#1130=LINE('',#2746,#1352);
#1131=LINE('',#2747,#1353);
#1132=LINE('',#2749,#1354);
#1133=LINE('',#2751,#1355);
#1134=LINE('',#2753,#1356);
#1135=LINE('',#2754,#1357);
#1136=LINE('',#2755,#1358);
#1137=LINE('',#2758,#1359);
#1138=LINE('',#2759,#1360);
#1139=LINE('',#2760,#1361);
#1140=LINE('',#2762,#1362);
#1141=LINE('',#2764,#1363);
#1142=LINE('',#2771,#1364);
#1143=LINE('',#2774,#1365);
#1144=LINE('',#2776,#1366);
#1145=LINE('',#2778,#1367);
#1146=LINE('',#2780,#1368);
#1147=LINE('',#2782,#1369);
#1148=LINE('',#2786,#1370);
#1149=LINE('',#2789,#1371);
#1150=LINE('',#2791,#1372);
#1151=LINE('',#2793,#1373);
#1152=LINE('',#2795,#1374);
#1153=LINE('',#2797,#1375);
#1154=LINE('',#2799,#1376);
#1155=LINE('',#2801,#1377);
#1156=LINE('',#2803,#1378);
#1157=LINE('',#2808,#1379);
#1158=LINE('',#2815,#1380);
#1159=LINE('',#2817,#1381);
#1160=LINE('',#2819,#1382);
#1161=LINE('',#2821,#1383);
#1162=LINE('',#2823,#1384);
#1163=LINE('',#2828,#1385);
#1164=LINE('',#2830,#1386);
#1165=LINE('',#2832,#1387);
#1166=LINE('',#2834,#1388);
#1167=LINE('',#2837,#1389);
#1168=LINE('',#2839,#1390);
#1169=LINE('',#2841,#1391);
#1170=LINE('',#2843,#1392);
#1171=LINE('',#2846,#1393);
#1172=LINE('',#2848,#1394);
#1173=LINE('',#2850,#1395);
#1174=LINE('',#2852,#1396);
#1175=LINE('',#2853,#1397);
#1176=LINE('',#2857,#1398);
#1177=LINE('',#2859,#1399);
#1178=LINE('',#2861,#1400);
#1179=LINE('',#2863,#1401);
#1180=LINE('',#2865,#1402);
#1181=LINE('',#2867,#1403);
#1182=LINE('',#2869,#1404);
#1183=LINE('',#2871,#1405);
#1184=LINE('',#2873,#1406);
#1185=LINE('',#2910,#1407);
#1186=LINE('',#2912,#1408);
#1187=LINE('',#2914,#1409);
#1188=LINE('',#2916,#1410);
#1189=LINE('',#2917,#1411);
#1190=LINE('',#2919,#1412);
#1191=LINE('',#2921,#1413);
#1192=LINE('',#2923,#1414);
#1193=LINE('',#2925,#1415);
#1194=LINE('',#2927,#1416);
#1195=LINE('',#2929,#1417);
#1196=LINE('',#2931,#1418);
#1197=LINE('',#2933,#1419);
#1198=LINE('',#2934,#1420);
#1199=LINE('',#2935,#1421);
#1200=LINE('',#2937,#1422);
#1201=LINE('',#2939,#1423);
#1202=LINE('',#2941,#1424);
#1203=LINE('',#2943,#1425);
#1204=LINE('',#2944,#1426);
#1205=LINE('',#2983,#1427);
#1206=LINE('',#2985,#1428);
#1207=LINE('',#2987,#1429);
#1208=LINE('',#2990,#1430);
#1209=LINE('',#2991,#1431);
#1210=LINE('',#2993,#1432);
#1211=LINE('',#2995,#1433);
#1212=LINE('',#2997,#1434);
#1213=LINE('',#3000,#1435);
#1214=LINE('',#3002,#1436);
#1215=LINE('',#3004,#1437);
#1216=LINE('',#3006,#1438);
#1217=LINE('',#3008,#1439);
#1218=LINE('',#3010,#1440);
#1219=LINE('',#3011,#1441);
#1220=LINE('',#3013,#1442);
#1221=LINE('',#3015,#1443);
#1222=LINE('',#3017,#1444);
#1223=LINE('',#3018,#1445);
#1224=LINE('',#3020,#1446);
#1225=LINE('',#3022,#1447);
#1226=LINE('',#3024,#1448);
#1227=LINE('',#3026,#1449);
#1228=LINE('',#3028,#1450);
#1229=LINE('',#3030,#1451);
#1230=LINE('',#3032,#1452);
#1231=LINE('',#3034,#1453);
#1232=LINE('',#3036,#1454);
#1233=LINE('',#3037,#1455);
#1234=LINE('',#3039,#1456);
#1235=LINE('',#3041,#1457);
#1236=LINE('',#3043,#1458);
#1237=LINE('',#3045,#1459);
#1238=LINE('',#3046,#1460);
#1239=LINE('',#3048,#1461);
#1240=LINE('',#3050,#1462);
#1241=LINE('',#3051,#1463);
#1242=LINE('',#3052,#1464);
#1243=LINE('',#3054,#1465);
#1244=LINE('',#3057,#1466);
#1245=LINE('',#3059,#1467);
#1246=LINE('',#3061,#1468);
#1247=LINE('',#3062,#1469);
#1248=LINE('',#3064,#1470);
#1249=LINE('',#3066,#1471);
#1250=LINE('',#3068,#1472);
#1251=LINE('',#3069,#1473);
#1252=LINE('',#3073,#1474);
#1253=LINE('',#3076,#1475);
#1254=LINE('',#3080,#1476);
#1255=LINE('',#3082,#1477);
#1256=LINE('',#3084,#1478);
#1257=LINE('',#3086,#1479);
#1258=LINE('',#3088,#1480);
#1259=LINE('',#3090,#1481);
#1260=LINE('',#3092,#1482);
#1261=LINE('',#3093,#1483);
#1262=LINE('',#3096,#1484);
#1263=LINE('',#3107,#1485);
#1264=LINE('',#3109,#1486);
#1265=LINE('',#3111,#1487);
#1266=LINE('',#3113,#1488);
#1267=LINE('',#3115,#1489);
#1268=LINE('',#3117,#1490);
#1269=LINE('',#3119,#1491);
#1270=LINE('',#3121,#1492);
#1271=LINE('',#3123,#1493);
#1272=LINE('',#3125,#1494);
#1273=LINE('',#3127,#1495);
#1274=LINE('',#3129,#1496);
#1275=LINE('',#3131,#1497);
#1276=LINE('',#3133,#1498);
#1277=LINE('',#3135,#1499);
#1278=LINE('',#3137,#1500);
#1279=LINE('',#3139,#1501);
#1280=LINE('',#3141,#1502);
#1281=LINE('',#3145,#1503);
#1282=LINE('',#3148,#1504);
#1283=LINE('',#3150,#1505);
#1284=LINE('',#3152,#1506);
#1285=LINE('',#3154,#1507);
#1286=LINE('',#3156,#1508);
#1287=LINE('',#3158,#1509);
#1288=LINE('',#3160,#1510);
#1289=LINE('',#3162,#1511);
#1290=LINE('',#3164,#1512);
#1291=LINE('',#3166,#1513);
#1292=LINE('',#3168,#1514);
#1293=VECTOR('',#2100,1.);
#1294=VECTOR('',#2101,1.);
#1295=VECTOR('',#2102,1.);
#1296=VECTOR('',#2103,1.);
#1297=VECTOR('',#2106,1.);
#1298=VECTOR('',#2107,1.);
#1299=VECTOR('',#2108,1.);
#1300=VECTOR('',#2109,1.);
#1301=VECTOR('',#2112,1.);
#1302=VECTOR('',#2113,1.);
#1303=VECTOR('',#2116,1.);
#1304=VECTOR('',#2117,1.);
#1305=VECTOR('',#2126,1.);
#1306=VECTOR('',#2127,1.);
#1307=VECTOR('',#2128,1.);
#1308=VECTOR('',#2129,1.);
#1309=VECTOR('',#2130,1.);
#1310=VECTOR('',#2131,1.);
#1311=VECTOR('',#2132,1.);
#1312=VECTOR('',#2133,1.);
#1313=VECTOR('',#2136,1.);
#1314=VECTOR('',#2137,1.);
#1315=VECTOR('',#2138,1.);
#1316=VECTOR('',#2139,1.);
#1317=VECTOR('',#2140,1.);
#1318=VECTOR('',#2141,1.);
#1319=VECTOR('',#2144,1.);
#1320=VECTOR('',#2145,1.);
#1321=VECTOR('',#2146,1.);
#1322=VECTOR('',#2147,1.);
#1323=VECTOR('',#2148,1.);
#1324=VECTOR('',#2149,1.);
#1325=VECTOR('',#2152,1.);
#1326=VECTOR('',#2153,1.);
#1327=VECTOR('',#2154,1.);
#1328=VECTOR('',#2155,1.);
#1329=VECTOR('',#2158,1.);
#1330=VECTOR('',#2159,1.);
#1331=VECTOR('',#2160,1.);
#1332=VECTOR('',#2161,1.);
#1333=VECTOR('',#2164,1.);
#1334=VECTOR('',#2167,1.);
#1335=VECTOR('',#2170,1.);
#1336=VECTOR('',#2171,1.);
#1337=VECTOR('',#2172,1.);
#1338=VECTOR('',#2173,1.);
#1339=VECTOR('',#2174,1.);
#1340=VECTOR('',#2175,1.);
#1341=VECTOR('',#2178,1.);
#1342=VECTOR('',#2179,1.);
#1343=VECTOR('',#2180,1.);
#1344=VECTOR('',#2181,1.);
#1345=VECTOR('',#2182,1.);
#1346=VECTOR('',#2185,1.);
#1347=VECTOR('',#2186,1.);
#1348=VECTOR('',#2187,1.);
#1349=VECTOR('',#2190,1.);
#1350=VECTOR('',#2191,1.);
#1351=VECTOR('',#2194,1.);
#1352=VECTOR('',#2195,1.);
#1353=VECTOR('',#2196,1.);
#1354=VECTOR('',#2199,1.);
#1355=VECTOR('',#2200,1.);
#1356=VECTOR('',#2201,1.);
#1357=VECTOR('',#2202,1.);
#1358=VECTOR('',#2203,1.);
#1359=VECTOR('',#2208,1.);
#1360=VECTOR('',#2209,1.);
#1361=VECTOR('',#2210,1.);
#1362=VECTOR('',#2211,1.);
#1363=VECTOR('',#2214,1.);
#1364=VECTOR('',#2227,1.);
#1365=VECTOR('',#2232,1.);
#1366=VECTOR('',#2233,1.);
#1367=VECTOR('',#2236,1.);
#1368=VECTOR('',#2237,1.);
#1369=VECTOR('',#2240,1.);
#1370=VECTOR('',#2247,1.);
#1371=VECTOR('',#2248,1.);
#1372=VECTOR('',#2249,1.);
#1373=VECTOR('',#2250,1.);
#1374=VECTOR('',#2251,1.);
#1375=VECTOR('',#2252,1.);
#1376=VECTOR('',#2253,1.);
#1377=VECTOR('',#2254,1.);
#1378=VECTOR('',#2257,1.);
#1379=VECTOR('',#2260,1.);
#1380=VECTOR('',#2267,1.);
#1381=VECTOR('',#2268,1.);
#1382=VECTOR('',#2269,1.);
#1383=VECTOR('',#2270,1.);
#1384=VECTOR('',#2271,1.);
#1385=VECTOR('',#2276,1.);
#1386=VECTOR('',#2277,1.);
#1387=VECTOR('',#2278,1.);
#1388=VECTOR('',#2281,1.);
#1389=VECTOR('',#2282,1.);
#1390=VECTOR('',#2283,1.);
#1391=VECTOR('',#2284,1.);
#1392=VECTOR('',#2287,1.);
#1393=VECTOR('',#2288,1.);
#1394=VECTOR('',#2289,1.);
#1395=VECTOR('',#2290,1.);
#1396=VECTOR('',#2293,1.);
#1397=VECTOR('',#2294,1.);
#1398=VECTOR('',#2299,1.);
#1399=VECTOR('',#2300,1.);
#1400=VECTOR('',#2301,1.);
#1401=VECTOR('',#2302,1.);
#1402=VECTOR('',#2303,1.);
#1403=VECTOR('',#2304,1.);
#1404=VECTOR('',#2305,1.);
#1405=VECTOR('',#2306,1.);
#1406=VECTOR('',#2307,1.);
#1407=VECTOR('',#2346,1.);
#1408=VECTOR('',#2347,1.);
#1409=VECTOR('',#2348,1.);
#1410=VECTOR('',#2351,1.);
#1411=VECTOR('',#2352,1.);
#1412=VECTOR('',#2355,1.);
#1413=VECTOR('',#2356,1.);
#1414=VECTOR('',#2357,1.);
#1415=VECTOR('',#2358,1.);
#1416=VECTOR('',#2359,1.);
#1417=VECTOR('',#2360,1.);
#1418=VECTOR('',#2363,1.);
#1419=VECTOR('',#2364,1.);
#1420=VECTOR('',#2365,1.);
#1421=VECTOR('',#2366,1.);
#1422=VECTOR('',#2367,1.);
#1423=VECTOR('',#2368,1.);
#1424=VECTOR('',#2369,1.);
#1425=VECTOR('',#2370,1.);
#1426=VECTOR('',#2371,1.);
#1427=VECTOR('',#2412,1.);
#1428=VECTOR('',#2413,1.);
#1429=VECTOR('',#2416,1.);
#1430=VECTOR('',#2417,1.);
#1431=VECTOR('',#2418,1.);
#1432=VECTOR('',#2419,1.);
#1433=VECTOR('',#2420,1.);
#1434=VECTOR('',#2423,1.);
#1435=VECTOR('',#2424,1.);
#1436=VECTOR('',#2425,1.);
#1437=VECTOR('',#2426,1.);
#1438=VECTOR('',#2427,1.);
#1439=VECTOR('',#2428,1.);
#1440=VECTOR('',#2431,1.);
#1441=VECTOR('',#2432,1.);
#1442=VECTOR('',#2433,1.);
#1443=VECTOR('',#2434,1.);
#1444=VECTOR('',#2437,1.);
#1445=VECTOR('',#2438,1.);
#1446=VECTOR('',#2439,1.);
#1447=VECTOR('',#2440,1.);
#1448=VECTOR('',#2441,1.);
#1449=VECTOR('',#2444,1.);
#1450=VECTOR('',#2445,1.);
#1451=VECTOR('',#2446,1.);
#1452=VECTOR('',#2447,1.);
#1453=VECTOR('',#2448,1.);
#1454=VECTOR('',#2451,1.);
#1455=VECTOR('',#2452,1.);
#1456=VECTOR('',#2455,1.);
#1457=VECTOR('',#2456,1.);
#1458=VECTOR('',#2457,1.);
#1459=VECTOR('',#2460,1.);
#1460=VECTOR('',#2461,1.);
#1461=VECTOR('',#2464,1.);
#1462=VECTOR('',#2467,1.);
#1463=VECTOR('',#2468,1.);
#1464=VECTOR('',#2469,1.);
#1465=VECTOR('',#2470,1.);
#1466=VECTOR('',#2475,1.);
#1467=VECTOR('',#2476,1.);
#1468=VECTOR('',#2477,1.);
#1469=VECTOR('',#2478,1.);
#1470=VECTOR('',#2479,1.);
#1471=VECTOR('',#2482,1.);
#1472=VECTOR('',#2485,1.);
#1473=VECTOR('',#2486,1.);
#1474=VECTOR('',#2491,1.);
#1475=VECTOR('',#2496,1.);
#1476=VECTOR('',#2503,1.);
#1477=VECTOR('',#2504,1.);
#1478=VECTOR('',#2505,1.);
#1479=VECTOR('',#2506,1.);
#1480=VECTOR('',#2509,1.);
#1481=VECTOR('',#2512,1.);
#1482=VECTOR('',#2513,1.);
#1483=VECTOR('',#2514,1.);
#1484=VECTOR('',#2519,1.);
#1485=VECTOR('',#2540,1.);
#1486=VECTOR('',#2543,1.);
#1487=VECTOR('',#2546,1.);
#1488=VECTOR('',#2549,1.);
#1489=VECTOR('',#2552,1.);
#1490=VECTOR('',#2555,1.);
#1491=VECTOR('',#2558,1.);
#1492=VECTOR('',#2561,1.);
#1493=VECTOR('',#2564,1.);
#1494=VECTOR('',#2567,1.);
#1495=VECTOR('',#2570,1.);
#1496=VECTOR('',#2573,1.);
#1497=VECTOR('',#2576,1.);
#1498=VECTOR('',#2579,1.);
#1499=VECTOR('',#2582,1.);
#1500=VECTOR('',#2585,1.);
#1501=VECTOR('',#2588,1.);
#1502=VECTOR('',#2591,1.);
#1503=VECTOR('',#2598,1.);
#1504=VECTOR('',#2599,1.);
#1505=VECTOR('',#2600,1.);
#1506=VECTOR('',#2601,1.);
#1507=VECTOR('',#2604,1.);
#1508=VECTOR('',#2605,1.);
#1509=VECTOR('',#2606,1.);
#1510=VECTOR('',#2609,1.);
#1511=VECTOR('',#2610,1.);
#1512=VECTOR('',#2611,1.);
#1513=VECTOR('',#2614,1.);
#1514=VECTOR('',#2617,1.);
#1515=EDGE_LOOP('',(#87,#88,#89,#90));
#1516=EDGE_LOOP('',(#91,#92,#93,#94));
#1517=EDGE_LOOP('',(#95,#96,#97,#98));
#1518=EDGE_LOOP('',(#99,#100,#101,#102));
#1519=EDGE_LOOP('',(#103,#104,#105,#106));
#1520=EDGE_LOOP('',(#107,#108,#109,#110));
#1521=EDGE_LOOP('',(#111,#112,#113,#114,#115,#116,#117,#118));
#1522=EDGE_LOOP('',(#119,#120,#121,#122,#123,#124,#125,#126));
#1523=EDGE_LOOP('',(#127,#128,#129,#130,#131,#132));
#1524=EDGE_LOOP('',(#133,#134,#135,#136,#137,#138));
#1525=EDGE_LOOP('',(#139,#140,#141,#142,#143));
#1526=EDGE_LOOP('',(#144,#145,#146));
#1527=EDGE_LOOP('',(#147,#148,#149,#150));
#1528=EDGE_LOOP('',(#151,#152,#153,#154,#155,#156));
#1529=EDGE_LOOP('',(#157,#158,#159,#160,#161,#162));
#1530=EDGE_LOOP('',(#163,#164,#165,#166));
#1531=EDGE_LOOP('',(#167,#168,#169,#170,#171,#172,#173,#174,#175,#176,#177));
#1532=EDGE_LOOP('',(#178,#179,#180,#181,#182,#183,#184,#185,#186,#187,#188,
#189));
#1533=EDGE_LOOP('',(#190,#191,#192,#193));
#1534=EDGE_LOOP('',(#194,#195,#196,#197,#198,#199));
#1535=EDGE_LOOP('',(#200,#201,#202,#203,#204));
#1536=EDGE_LOOP('',(#205,#206,#207,#208,#209));
#1537=EDGE_LOOP('',(#210,#211,#212,#213));
#1538=EDGE_LOOP('',(#214,#215,#216));
#1539=EDGE_LOOP('',(#217,#218,#219,#220));
#1540=EDGE_LOOP('',(#221,#222,#223,#224,#225));
#1541=EDGE_LOOP('',(#226,#227,#228));
#1542=EDGE_LOOP('',(#229,#230,#231,#232));
#1543=EDGE_LOOP('',(#233,#234,#235,#236));
#1544=EDGE_LOOP('',(#237,#238,#239,#240));
#1545=EDGE_LOOP('',(#241,#242,#243,#244));
#1546=EDGE_LOOP('',(#245,#246,#247,#248,#249,#250,#251,#252));
#1547=EDGE_LOOP('',(#253,#254,#255,#256));
#1548=EDGE_LOOP('',(#257,#258,#259,#260,#261,#262));
#1549=EDGE_LOOP('',(#263,#264,#265,#266));
#1550=EDGE_LOOP('',(#267,#268,#269,#270));
#1551=EDGE_LOOP('',(#271,#272,#273,#274));
#1552=EDGE_LOOP('',(#275,#276,#277,#278));
#1553=EDGE_LOOP('',(#279,#280,#281,#282,#283,#284,#285,#286,#287,#288,#289,
#290,#291,#292,#293,#294,#295,#296,#297,#298,#299,#300,#301,#302,#303,#304,
#305,#306,#307,#308));
#1554=EDGE_LOOP('',(#309,#310,#311,#312));
#1555=EDGE_LOOP('',(#313,#314,#315,#316));
#1556=EDGE_LOOP('',(#317,#318,#319,#320,#321,#322,#323,#324));
#1557=EDGE_LOOP('',(#325,#326,#327,#328,#329,#330,#331,#332,#333,#334,#335,
#336,#337));
#1558=EDGE_LOOP('',(#338,#339,#340,#341,#342,#343,#344,#345,#346,#347,#348,
#349,#350,#351,#352,#353,#354,#355,#356,#357,#358,#359,#360,#361));
#1559=EDGE_LOOP('',(#362,#363,#364,#365,#366,#367));
#1560=EDGE_LOOP('',(#368,#369,#370,#371,#372,#373));
#1561=EDGE_LOOP('',(#374,#375,#376,#377,#378));
#1562=EDGE_LOOP('',(#379,#380,#381,#382,#383,#384,#385,#386));
#1563=EDGE_LOOP('',(#387,#388,#389,#390,#391,#392));
#1564=EDGE_LOOP('',(#393,#394,#395,#396,#397,#398));
#1565=EDGE_LOOP('',(#399,#400,#401,#402));
#1566=EDGE_LOOP('',(#403,#404,#405,#406));
#1567=EDGE_LOOP('',(#407,#408,#409,#410));
#1568=EDGE_LOOP('',(#411,#412,#413,#414,#415,#416,#417,#418,#419,#420,#421,
#422));
#1569=EDGE_LOOP('',(#423,#424,#425,#426));
#1570=EDGE_LOOP('',(#427,#428,#429,#430,#431,#432,#433,#434));
#1571=EDGE_LOOP('',(#435,#436,#437,#438,#439,#440));
#1572=EDGE_LOOP('',(#441,#442,#443,#444));
#1573=EDGE_LOOP('',(#445));
#1574=EDGE_LOOP('',(#446,#447,#448,#449,#450,#451,#452,#453));
#1575=EDGE_LOOP('',(#454,#455,#456,#457));
#1576=EDGE_LOOP('',(#458,#459,#460,#461));
#1577=EDGE_LOOP('',(#462,#463,#464,#465));
#1578=EDGE_LOOP('',(#466,#467,#468,#469));
#1579=EDGE_LOOP('',(#470,#471,#472,#473,#474,#475));
#1580=EDGE_LOOP('',(#476,#477,#478,#479));
#1581=EDGE_LOOP('',(#480,#481,#482,#483,#484));
#1582=EDGE_LOOP('',(#485,#486,#487));
#1583=EDGE_LOOP('',(#488,#489,#490,#491,#492));
#1584=EDGE_LOOP('',(#493,#494,#495));
#1585=EDGE_LOOP('',(#496,#497,#498,#499));
#1586=EDGE_LOOP('',(#500,#501,#502,#503,#504,#505,#506,#507));
#1587=EDGE_LOOP('',(#508,#509,#510,#511,#512,#513,#514,#515));
#1588=EDGE_LOOP('',(#516,#517));
#1589=EDGE_LOOP('',(#518,#519));
#1590=EDGE_LOOP('',(#520,#521,#522,#523));
#1591=EDGE_LOOP('',(#524));
#1592=EDGE_LOOP('',(#525,#526,#527,#528));
#1593=EDGE_LOOP('',(#529,#530,#531,#532));
#1594=EDGE_LOOP('',(#533,#534,#535,#536));
#1595=EDGE_LOOP('',(#537,#538,#539,#540));
#1596=EDGE_LOOP('',(#541,#542,#543,#544));
#1597=EDGE_LOOP('',(#545,#546,#547,#548));
#1598=EDGE_LOOP('',(#549,#550,#551,#552));
#1599=EDGE_LOOP('',(#553,#554,#555,#556));
#1600=EDGE_LOOP('',(#557,#558,#559,#560));
#1601=EDGE_LOOP('',(#561,#562,#563,#564));
#1602=EDGE_LOOP('',(#565,#566,#567,#568));
#1603=EDGE_LOOP('',(#569,#570,#571,#572));
#1604=EDGE_LOOP('',(#573,#574,#575,#576));
#1605=EDGE_LOOP('',(#577,#578,#579,#580));
#1606=EDGE_LOOP('',(#581,#582,#583,#584));
#1607=EDGE_LOOP('',(#585,#586,#587,#588));
#1608=EDGE_LOOP('',(#589,#590,#591,#592));
#1609=EDGE_LOOP('',(#593,#594,#595,#596));
#1610=EDGE_LOOP('',(#597,#598,#599,#600));
#1611=EDGE_LOOP('',(#601,#602,#603,#604));
#1612=EDGE_LOOP('',(#605,#606,#607,#608));
#1613=EDGE_LOOP('',(#609,#610,#611,#612));
#1614=EDGE_LOOP('',(#613,#614,#615,#616));
#1615=EDGE_LOOP('',(#617,#618,#619,#620));
#1616=EDGE_LOOP('',(#621,#622,#623,#624));
#1617=FACE_BOUND('',#1515,.T.);
#1618=FACE_BOUND('',#1516,.T.);
#1619=FACE_BOUND('',#1517,.T.);
#1620=FACE_BOUND('',#1518,.T.);
#1621=FACE_BOUND('',#1519,.T.);
#1622=FACE_BOUND('',#1520,.T.);
#1623=FACE_BOUND('',#1521,.T.);
#1624=FACE_BOUND('',#1522,.T.);
#1625=FACE_BOUND('',#1523,.T.);
#1626=FACE_BOUND('',#1524,.T.);
#1627=FACE_BOUND('',#1525,.T.);
#1628=FACE_BOUND('',#1526,.T.);
#1629=FACE_BOUND('',#1527,.T.);
#1630=FACE_BOUND('',#1528,.T.);
#1631=FACE_BOUND('',#1529,.T.);
#1632=FACE_BOUND('',#1530,.T.);
#1633=FACE_BOUND('',#1531,.T.);
#1634=FACE_BOUND('',#1532,.T.);
#1635=FACE_BOUND('',#1533,.T.);
#1636=FACE_BOUND('',#1534,.T.);
#1637=FACE_BOUND('',#1535,.T.);
#1638=FACE_BOUND('',#1536,.T.);
#1639=FACE_BOUND('',#1537,.T.);
#1640=FACE_BOUND('',#1538,.T.);
#1641=FACE_BOUND('',#1539,.T.);
#1642=FACE_BOUND('',#1540,.T.);
#1643=FACE_BOUND('',#1541,.T.);
#1644=FACE_BOUND('',#1542,.T.);
#1645=FACE_BOUND('',#1543,.T.);
#1646=FACE_BOUND('',#1544,.T.);
#1647=FACE_BOUND('',#1545,.T.);
#1648=FACE_BOUND('',#1546,.T.);
#1649=FACE_BOUND('',#1547,.T.);
#1650=FACE_BOUND('',#1548,.T.);
#1651=FACE_BOUND('',#1549,.T.);
#1652=FACE_BOUND('',#1550,.T.);
#1653=FACE_BOUND('',#1551,.T.);
#1654=FACE_BOUND('',#1552,.T.);
#1655=FACE_BOUND('',#1553,.T.);
#1656=FACE_BOUND('',#1554,.T.);
#1657=FACE_BOUND('',#1555,.T.);
#1658=FACE_BOUND('',#1556,.T.);
#1659=FACE_BOUND('',#1557,.T.);
#1660=FACE_BOUND('',#1558,.T.);
#1661=FACE_BOUND('',#1559,.T.);
#1662=FACE_BOUND('',#1560,.T.);
#1663=FACE_BOUND('',#1561,.T.);
#1664=FACE_BOUND('',#1562,.T.);
#1665=FACE_BOUND('',#1563,.T.);
#1666=FACE_BOUND('',#1564,.T.);
#1667=FACE_BOUND('',#1565,.T.);
#1668=FACE_BOUND('',#1566,.T.);
#1669=FACE_BOUND('',#1567,.T.);
#1670=FACE_BOUND('',#1568,.T.);
#1671=FACE_BOUND('',#1569,.T.);
#1672=FACE_BOUND('',#1570,.T.);
#1673=FACE_BOUND('',#1571,.T.);
#1674=FACE_BOUND('',#1572,.T.);
#1675=FACE_BOUND('',#1573,.T.);
#1676=FACE_BOUND('',#1574,.T.);
#1677=FACE_BOUND('',#1575,.T.);
#1678=FACE_BOUND('',#1576,.T.);
#1679=FACE_BOUND('',#1577,.T.);
#1680=FACE_BOUND('',#1578,.T.);
#1681=FACE_BOUND('',#1579,.T.);
#1682=FACE_BOUND('',#1580,.T.);
#1683=FACE_BOUND('',#1581,.T.);
#1684=FACE_BOUND('',#1582,.T.);
#1685=FACE_BOUND('',#1583,.T.);
#1686=FACE_BOUND('',#1584,.T.);
#1687=FACE_BOUND('',#1585,.T.);
#1688=FACE_BOUND('',#1586,.T.);
#1689=FACE_BOUND('',#1587,.T.);
#1690=FACE_BOUND('',#1588,.T.);
#1691=FACE_BOUND('',#1589,.T.);
#1692=FACE_BOUND('',#1590,.T.);
#1693=FACE_BOUND('',#1591,.T.);
#1694=FACE_BOUND('',#1592,.T.);
#1695=FACE_BOUND('',#1593,.T.);
#1696=FACE_BOUND('',#1594,.T.);
#1697=FACE_BOUND('',#1595,.T.);
#1698=FACE_BOUND('',#1596,.T.);
#1699=FACE_BOUND('',#1597,.T.);
#1700=FACE_BOUND('',#1598,.T.);
#1701=FACE_BOUND('',#1599,.T.);
#1702=FACE_BOUND('',#1600,.T.);
#1703=FACE_BOUND('',#1601,.T.);
#1704=FACE_BOUND('',#1602,.T.);
#1705=FACE_BOUND('',#1603,.T.);
#1706=FACE_BOUND('',#1604,.T.);
#1707=FACE_BOUND('',#1605,.T.);
#1708=FACE_BOUND('',#1606,.T.);
#1709=FACE_BOUND('',#1607,.T.);
#1710=FACE_BOUND('',#1608,.T.);
#1711=FACE_BOUND('',#1609,.T.);
#1712=FACE_BOUND('',#1610,.T.);
#1713=FACE_BOUND('',#1611,.T.);
#1714=FACE_BOUND('',#1612,.T.);
#1715=FACE_BOUND('',#1613,.T.);
#1716=FACE_BOUND('',#1614,.T.);
#1717=FACE_BOUND('',#1615,.T.);
#1718=FACE_BOUND('',#1616,.T.);
#1719=PLANE('',#1946);
#1720=PLANE('',#1947);
#1721=PLANE('',#1948);
#1722=PLANE('',#1949);
#1723=PLANE('',#1950);
#1724=PLANE('',#1951);
#1725=PLANE('',#1953);
#1726=PLANE('',#1954);
#1727=PLANE('',#1955);
#1728=PLANE('',#1956);
#1729=PLANE('',#1957);
#1730=PLANE('',#1958);
#1731=PLANE('',#1959);
#1732=PLANE('',#1960);
#1733=PLANE('',#1961);
#1734=PLANE('',#1962);
#1735=PLANE('',#1963);
#1736=PLANE('',#1965);
#1737=PLANE('',#1966);
#1738=PLANE('',#1967);
#1739=PLANE('',#1968);
#1740=PLANE('',#1969);
#1741=PLANE('',#1972);
#1742=PLANE('',#1973);
#1743=PLANE('',#1974);
#1744=PLANE('',#1975);
#1745=PLANE('',#1976);
#1746=PLANE('',#1977);
#1747=PLANE('',#1978);
#1748=PLANE('',#1979);
#1749=PLANE('',#1981);
#1750=PLANE('',#1985);
#1751=PLANE('',#1987);
#1752=PLANE('',#1989);
#1753=PLANE('',#1990);
#1754=PLANE('',#1991);
#1755=PLANE('',#1992);
#1756=PLANE('',#2012);
#1757=PLANE('',#2013);
#1758=PLANE('',#2014);
#1759=PLANE('',#2015);
#1760=PLANE('',#2016);
#1761=PLANE('',#2036);
#1762=PLANE('',#2037);
#1763=PLANE('',#2038);
#1764=PLANE('',#2039);
#1765=PLANE('',#2040);
#1766=PLANE('',#2041);
#1767=PLANE('',#2042);
#1768=PLANE('',#2043);
#1769=PLANE('',#2044);
#1770=PLANE('',#2045);
#1771=PLANE('',#2046);
#1772=PLANE('',#2047);
#1773=PLANE('',#2048);
#1774=PLANE('',#2049);
#1775=PLANE('',#2050);
#1776=PLANE('',#2052);
#1777=PLANE('',#2053);
#1778=PLANE('',#2054);
#1779=PLANE('',#2055);
#1780=PLANE('',#2056);
#1781=PLANE('',#2057);
#1782=PLANE('',#2058);
#1783=PLANE('',#2059);
#1784=PLANE('',#2060);
#1785=PLANE('',#2061);
#1786=PLANE('',#2062);
#1787=PLANE('',#2063);
#1788=PLANE('',#2064);
#1789=PLANE('',#2065);
#1790=PLANE('',#2067);
#1791=PLANE('',#2090);
#1792=PLANE('',#2091);
#1793=PLANE('',#2092);
#1794=PLANE('',#2093);
#1795=PLANE('',#2094);
#1796=PLANE('',#2095);
#1797=ADVANCED_FACE('',(#1617),#1719,.F.);
#1798=ADVANCED_FACE('',(#1618),#1720,.T.);
#1799=ADVANCED_FACE('',(#1619),#1721,.T.);
#1800=ADVANCED_FACE('',(#1620),#1722,.F.);
#1801=ADVANCED_FACE('',(#1621),#1723,.F.);
#1802=ADVANCED_FACE('',(#1622),#1724,.F.);
#1803=ADVANCED_FACE('',(#1623),#1725,.T.);
#1804=ADVANCED_FACE('',(#1624),#1726,.T.);
#1805=ADVANCED_FACE('',(#1625),#1727,.F.);
#1806=ADVANCED_FACE('',(#1626),#1728,.T.);
#1807=ADVANCED_FACE('',(#1627),#1729,.F.);
#1808=ADVANCED_FACE('',(#1628),#1730,.F.);
#1809=ADVANCED_FACE('',(#1629),#1731,.T.);
#1810=ADVANCED_FACE('',(#1630),#1732,.F.);
#1811=ADVANCED_FACE('',(#1631),#1733,.T.);
#1812=ADVANCED_FACE('',(#1632),#1734,.F.);
#1813=ADVANCED_FACE('',(#1633),#1735,.F.);
#1814=ADVANCED_FACE('',(#1634),#1736,.T.);
#1815=ADVANCED_FACE('',(#1635),#1737,.F.);
#1816=ADVANCED_FACE('',(#1636),#1738,.T.);
#1817=ADVANCED_FACE('',(#1637),#1739,.F.);
#1818=ADVANCED_FACE('',(#1638),#1740,.T.);
#1819=ADVANCED_FACE('',(#1639),#10,.F.);
#1820=ADVANCED_FACE('',(#1640),#1741,.T.);
#1821=ADVANCED_FACE('',(#1641),#1742,.F.);
#1822=ADVANCED_FACE('',(#1642),#1743,.T.);
#1823=ADVANCED_FACE('',(#1643),#1744,.T.);
#1824=ADVANCED_FACE('',(#1644),#1745,.T.);
#1825=ADVANCED_FACE('',(#1645),#1746,.F.);
#1826=ADVANCED_FACE('',(#1646),#1747,.T.);
#1827=ADVANCED_FACE('',(#1647),#1748,.T.);
#1828=ADVANCED_FACE('',(#1648),#1749,.T.);
#1829=ADVANCED_FACE('',(#1649),#11,.F.);
#1830=ADVANCED_FACE('',(#1650),#1750,.F.);
#1831=ADVANCED_FACE('',(#1651),#1751,.F.);
#1832=ADVANCED_FACE('',(#1652),#1752,.T.);
#1833=ADVANCED_FACE('',(#1653),#1753,.F.);
#1834=ADVANCED_FACE('',(#1654),#1754,.F.);
#1835=ADVANCED_FACE('',(#1655),#1755,.T.);
#1836=ADVANCED_FACE('',(#1656),#1756,.T.);
#1837=ADVANCED_FACE('',(#1657),#1757,.T.);
#1838=ADVANCED_FACE('',(#1658),#1758,.T.);
#1839=ADVANCED_FACE('',(#1659),#1759,.F.);
#1840=ADVANCED_FACE('',(#1660),#1760,.T.);
#1841=ADVANCED_FACE('',(#1661),#1761,.T.);
#1842=ADVANCED_FACE('',(#1662),#1762,.T.);
#1843=ADVANCED_FACE('',(#1663),#1763,.T.);
#1844=ADVANCED_FACE('',(#1664),#1764,.T.);
#1845=ADVANCED_FACE('',(#1665),#1765,.T.);
#1846=ADVANCED_FACE('',(#1666),#1766,.F.);
#1847=ADVANCED_FACE('',(#1667),#1767,.F.);
#1848=ADVANCED_FACE('',(#1668),#1768,.T.);
#1849=ADVANCED_FACE('',(#1669),#1769,.F.);
#1850=ADVANCED_FACE('',(#1670),#1770,.T.);
#1851=ADVANCED_FACE('',(#1671),#1771,.T.);
#1852=ADVANCED_FACE('',(#1672),#1772,.T.);
#1853=ADVANCED_FACE('',(#1673),#1773,.F.);
#1854=ADVANCED_FACE('',(#1674),#1774,.T.);
#1855=ADVANCED_FACE('',(#1675,#1676),#1775,.T.);
#1856=ADVANCED_FACE('',(#1677),#1776,.F.);
#1857=ADVANCED_FACE('',(#1678),#1777,.T.);
#1858=ADVANCED_FACE('',(#1679),#1778,.T.);
#1859=ADVANCED_FACE('',(#1680),#1779,.T.);
#1860=ADVANCED_FACE('',(#1681),#1780,.F.);
#1861=ADVANCED_FACE('',(#1682),#1781,.T.);
#1862=ADVANCED_FACE('',(#1683),#1782,.F.);
#1863=ADVANCED_FACE('',(#1684),#1783,.T.);
#1864=ADVANCED_FACE('',(#1685),#1784,.F.);
#1865=ADVANCED_FACE('',(#1686),#1785,.F.);
#1866=ADVANCED_FACE('',(#1687),#1786,.F.);
#1867=ADVANCED_FACE('',(#1688),#1787,.T.);
#1868=ADVANCED_FACE('',(#1689),#1788,.F.);
#1869=ADVANCED_FACE('',(#1690),#1789,.T.);
#1870=ADVANCED_FACE('',(#1691),#1790,.T.);
#1871=ADVANCED_FACE('',(#1692,#1693),#12,.F.);
#1872=ADVANCED_FACE('',(#1694),#13,.T.);
#1873=ADVANCED_FACE('',(#1695),#14,.T.);
#1874=ADVANCED_FACE('',(#1696),#15,.T.);
#1875=ADVANCED_FACE('',(#1697),#16,.T.);
#1876=ADVANCED_FACE('',(#1698),#17,.T.);
#1877=ADVANCED_FACE('',(#1699),#18,.T.);
#1878=ADVANCED_FACE('',(#1700),#19,.T.);
#1879=ADVANCED_FACE('',(#1701),#20,.T.);
#1880=ADVANCED_FACE('',(#1702),#21,.T.);
#1881=ADVANCED_FACE('',(#1703),#22,.T.);
#1882=ADVANCED_FACE('',(#1704),#23,.T.);
#1883=ADVANCED_FACE('',(#1705),#24,.T.);
#1884=ADVANCED_FACE('',(#1706),#25,.T.);
#1885=ADVANCED_FACE('',(#1707),#26,.T.);
#1886=ADVANCED_FACE('',(#1708),#27,.T.);
#1887=ADVANCED_FACE('',(#1709),#28,.T.);
#1888=ADVANCED_FACE('',(#1710),#29,.T.);
#1889=ADVANCED_FACE('',(#1711),#30,.T.);
#1890=ADVANCED_FACE('',(#1712),#31,.T.);
#1891=ADVANCED_FACE('',(#1713),#1791,.F.);
#1892=ADVANCED_FACE('',(#1714),#1792,.F.);
#1893=ADVANCED_FACE('',(#1715),#1793,.T.);
#1894=ADVANCED_FACE('',(#1716),#1794,.T.);
#1895=ADVANCED_FACE('',(#1717),#1795,.F.);
#1896=ADVANCED_FACE('',(#1718),#1796,.T.);
#1897=CLOSED_SHELL('',(#1797,#1798,#1799,#1800,#1801,#1802));
#1898=CLOSED_SHELL('',(#1803,#1804,#1805,#1806,#1807,#1808,#1809,#1810,
#1811,#1812,#1813,#1814,#1815,#1816,#1817,#1818,#1819,#1820,#1821,#1822,
#1823,#1824,#1825,#1826,#1827));
#1899=CLOSED_SHELL('',(#1828,#1829,#1830,#1831,#1832,#1833,#1834,#1835,
#1836,#1837,#1838,#1839,#1840,#1841,#1842,#1843,#1844,#1845,#1846,#1847,
#1848,#1849,#1850,#1851,#1852,#1853,#1854,#1855,#1856,#1857,#1858,#1859,
#1860,#1861,#1862,#1863,#1864,#1865,#1866,#1867,#1868,#1869,#1870,#1871,
#1872,#1873,#1874,#1875,#1876,#1877,#1878,#1879,#1880,#1881,#1882,#1883,
#1884,#1885,#1886,#1887,#1888,#1889,#1890));
#1900=CLOSED_SHELL('',(#1891,#1892,#1893,#1894,#1895,#1896));
#1901=STYLED_ITEM('',(#1905),#1933);
#1902=STYLED_ITEM('',(#1906),#1934);
#1903=STYLED_ITEM('',(#1907),#1935);
#1904=STYLED_ITEM('',(#1908),#1936);
#1905=PRESENTATION_STYLE_ASSIGNMENT((#1909));
#1906=PRESENTATION_STYLE_ASSIGNMENT((#1910));
#1907=PRESENTATION_STYLE_ASSIGNMENT((#1911));
#1908=PRESENTATION_STYLE_ASSIGNMENT((#1912));
#1909=SURFACE_STYLE_USAGE(.BOTH.,#1913);
#1910=SURFACE_STYLE_USAGE(.BOTH.,#1914);
#1911=SURFACE_STYLE_USAGE(.BOTH.,#1915);
#1912=SURFACE_STYLE_USAGE(.BOTH.,#1916);
#1913=SURFACE_SIDE_STYLE('',(#1917));
#1914=SURFACE_SIDE_STYLE('',(#1918));
#1915=SURFACE_SIDE_STYLE('',(#1919));
#1916=SURFACE_SIDE_STYLE('',(#1920));
#1917=SURFACE_STYLE_FILL_AREA(#1921);
#1918=SURFACE_STYLE_FILL_AREA(#1922);
#1919=SURFACE_STYLE_FILL_AREA(#1923);
#1920=SURFACE_STYLE_FILL_AREA(#1924);
#1921=FILL_AREA_STYLE('',(#1925));
#1922=FILL_AREA_STYLE('',(#1926));
#1923=FILL_AREA_STYLE('',(#1927));
#1924=FILL_AREA_STYLE('',(#1928));
#1925=FILL_AREA_STYLE_COLOUR('',#1929);
#1926=FILL_AREA_STYLE_COLOUR('',#1930);
#1927=FILL_AREA_STYLE_COLOUR('',#1931);
#1928=FILL_AREA_STYLE_COLOUR('',#1932);
#1929=COLOUR_RGB('',0.917647058823529,0.917647058823529,0.917647058823529);
#1930=COLOUR_RGB('',0.501960784313726,0.501960784313726,0.501960784313726);
#1931=COLOUR_RGB('',0.325490196078431,0.529411764705882,0.752941176470588);
#1932=COLOUR_RGB('',0.972549019607843,0.529411764705882,0.00392156862745098);
#1933=MANIFOLD_SOLID_BREP('Coushoning',#1897);
#1934=MANIFOLD_SOLID_BREP('Main scale',#1898);
#1935=MANIFOLD_SOLID_BREP('Vernier scale',#1899);
#1936=MANIFOLD_SOLID_BREP('Tail lock',#1900);
#1937=SHAPE_DEFINITION_REPRESENTATION(#3194,#1941);
#1938=SHAPE_DEFINITION_REPRESENTATION(#3195,#1942);
#1939=SHAPE_DEFINITION_REPRESENTATION(#3196,#1943);
#1940=SHAPE_DEFINITION_REPRESENTATION(#3197,#1944);
#1941=SHAPE_REPRESENTATION('Coushoning',(#1945),#3174);
#1942=SHAPE_REPRESENTATION('Main scale',(#1952),#3175);
#1943=SHAPE_REPRESENTATION('Vernier scale',(#1980),#3176);
#1944=SHAPE_REPRESENTATION('Tail lock',(#2089),#3177);
#1945=AXIS2_PLACEMENT_3D('',#2620,#2096,#2097);
#1946=AXIS2_PLACEMENT_3D('',#2621,#2098,#2099);
#1947=AXIS2_PLACEMENT_3D('',#2630,#2104,#2105);
#1948=AXIS2_PLACEMENT_3D('',#2639,#2110,#2111);
#1949=AXIS2_PLACEMENT_3D('',#2642,#2114,#2115);
#1950=AXIS2_PLACEMENT_3D('',#2645,#2118,#2119);
#1951=AXIS2_PLACEMENT_3D('',#2646,#2120,#2121);
#1952=AXIS2_PLACEMENT_3D('',#2647,#2122,#2123);
#1953=AXIS2_PLACEMENT_3D('',#2648,#2124,#2125);
#1954=AXIS2_PLACEMENT_3D('',#2665,#2134,#2135);
#1955=AXIS2_PLACEMENT_3D('',#2676,#2142,#2143);
#1956=AXIS2_PLACEMENT_3D('',#2689,#2150,#2151);
#1957=AXIS2_PLACEMENT_3D('',#2696,#2156,#2157);
#1958=AXIS2_PLACEMENT_3D('',#2704,#2162,#2163);
#1959=AXIS2_PLACEMENT_3D('',#2706,#2165,#2166);
#1960=AXIS2_PLACEMENT_3D('',#2708,#2168,#2169);
#1961=AXIS2_PLACEMENT_3D('',#2721,#2176,#2177);
#1962=AXIS2_PLACEMENT_3D('',#2731,#2183,#2184);
#1963=AXIS2_PLACEMENT_3D('',#2737,#2188,#2189);
#1964=AXIS2_PLACEMENT_3D('',#2742,#2192,#2193);
#1965=AXIS2_PLACEMENT_3D('',#2748,#2197,#2198);
#1966=AXIS2_PLACEMENT_3D('',#2756,#2204,#2205);
#1967=AXIS2_PLACEMENT_3D('',#2757,#2206,#2207);
#1968=AXIS2_PLACEMENT_3D('',#2763,#2212,#2213);
#1969=AXIS2_PLACEMENT_3D('',#2765,#2215,#2216);
#1970=AXIS2_PLACEMENT_3D('',#2766,#2217,#2218);
#1971=AXIS2_PLACEMENT_3D('',#2767,#2219,#2220);
#1972=AXIS2_PLACEMENT_3D('',#2768,#2221,#2222);
#1973=AXIS2_PLACEMENT_3D('',#2769,#2223,#2224);
#1974=AXIS2_PLACEMENT_3D('',#2770,#2225,#2226);
#1975=AXIS2_PLACEMENT_3D('',#2772,#2228,#2229);
#1976=AXIS2_PLACEMENT_3D('',#2773,#2230,#2231);
#1977=AXIS2_PLACEMENT_3D('',#2777,#2234,#2235);
#1978=AXIS2_PLACEMENT_3D('',#2781,#2238,#2239);
#1979=AXIS2_PLACEMENT_3D('',#2783,#2241,#2242);
#1980=AXIS2_PLACEMENT_3D('',#2784,#2243,#2244);
#1981=AXIS2_PLACEMENT_3D('',#2785,#2245,#2246);
#1982=AXIS2_PLACEMENT_3D('',#2802,#2255,#2256);
#1983=AXIS2_PLACEMENT_3D('',#2806,#2258,#2259);
#1984=AXIS2_PLACEMENT_3D('',#2810,#2261,#2262);
#1985=AXIS2_PLACEMENT_3D('',#2811,#2263,#2264);
#1986=AXIS2_PLACEMENT_3D('',#2812,#2265,#2266);
#1987=AXIS2_PLACEMENT_3D('',#2824,#2272,#2273);
#1988=AXIS2_PLACEMENT_3D('',#2825,#2274,#2275);
#1989=AXIS2_PLACEMENT_3D('',#2833,#2279,#2280);
#1990=AXIS2_PLACEMENT_3D('',#2842,#2285,#2286);
#1991=AXIS2_PLACEMENT_3D('',#2851,#2291,#2292);
#1992=AXIS2_PLACEMENT_3D('',#2854,#2295,#2296);
#1993=AXIS2_PLACEMENT_3D('',#2855,#2297,#2298);
#1994=AXIS2_PLACEMENT_3D('',#2874,#2308,#2309);
#1995=AXIS2_PLACEMENT_3D('',#2876,#2310,#2311);
#1996=AXIS2_PLACEMENT_3D('',#2878,#2312,#2313);
#1997=AXIS2_PLACEMENT_3D('',#2880,#2314,#2315);
#1998=AXIS2_PLACEMENT_3D('',#2882,#2316,#2317);
#1999=AXIS2_PLACEMENT_3D('',#2884,#2318,#2319);
#2000=AXIS2_PLACEMENT_3D('',#2886,#2320,#2321);
#2001=AXIS2_PLACEMENT_3D('',#2888,#2322,#2323);
#2002=AXIS2_PLACEMENT_3D('',#2890,#2324,#2325);
#2003=AXIS2_PLACEMENT_3D('',#2892,#2326,#2327);
#2004=AXIS2_PLACEMENT_3D('',#2894,#2328,#2329);
#2005=AXIS2_PLACEMENT_3D('',#2896,#2330,#2331);
#2006=AXIS2_PLACEMENT_3D('',#2898,#2332,#2333);
#2007=AXIS2_PLACEMENT_3D('',#2900,#2334,#2335);
#2008=AXIS2_PLACEMENT_3D('',#2902,#2336,#2337);
#2009=AXIS2_PLACEMENT_3D('',#2904,#2338,#2339);
#2010=AXIS2_PLACEMENT_3D('',#2906,#2340,#2341);
#2011=AXIS2_PLACEMENT_3D('',#2908,#2342,#2343);
#2012=AXIS2_PLACEMENT_3D('',#2909,#2344,#2345);
#2013=AXIS2_PLACEMENT_3D('',#2915,#2349,#2350);
#2014=AXIS2_PLACEMENT_3D('',#2918,#2353,#2354);
#2015=AXIS2_PLACEMENT_3D('',#2930,#2361,#2362);
#2016=AXIS2_PLACEMENT_3D('',#2945,#2372,#2373);
#2017=AXIS2_PLACEMENT_3D('',#2946,#2374,#2375);
#2018=AXIS2_PLACEMENT_3D('',#2948,#2376,#2377);
#2019=AXIS2_PLACEMENT_3D('',#2950,#2378,#2379);
#2020=AXIS2_PLACEMENT_3D('',#2952,#2380,#2381);
#2021=AXIS2_PLACEMENT_3D('',#2954,#2382,#2383);
#2022=AXIS2_PLACEMENT_3D('',#2956,#2384,#2385);
#2023=AXIS2_PLACEMENT_3D('',#2958,#2386,#2387);
#2024=AXIS2_PLACEMENT_3D('',#2960,#2388,#2389);
#2025=AXIS2_PLACEMENT_3D('',#2962,#2390,#2391);
#2026=AXIS2_PLACEMENT_3D('',#2964,#2392,#2393);
#2027=AXIS2_PLACEMENT_3D('',#2966,#2394,#2395);
#2028=AXIS2_PLACEMENT_3D('',#2968,#2396,#2397);
#2029=AXIS2_PLACEMENT_3D('',#2970,#2398,#2399);
#2030=AXIS2_PLACEMENT_3D('',#2972,#2400,#2401);
#2031=AXIS2_PLACEMENT_3D('',#2974,#2402,#2403);
#2032=AXIS2_PLACEMENT_3D('',#2976,#2404,#2405);
#2033=AXIS2_PLACEMENT_3D('',#2978,#2406,#2407);
#2034=AXIS2_PLACEMENT_3D('',#2980,#2408,#2409);
#2035=AXIS2_PLACEMENT_3D('',#2982,#2410,#2411);
#2036=AXIS2_PLACEMENT_3D('',#2986,#2414,#2415);
#2037=AXIS2_PLACEMENT_3D('',#2996,#2421,#2422);
#2038=AXIS2_PLACEMENT_3D('',#3009,#2429,#2430);
#2039=AXIS2_PLACEMENT_3D('',#3016,#2435,#2436);
#2040=AXIS2_PLACEMENT_3D('',#3025,#2442,#2443);
#2041=AXIS2_PLACEMENT_3D('',#3035,#2449,#2450);
#2042=AXIS2_PLACEMENT_3D('',#3038,#2453,#2454);
#2043=AXIS2_PLACEMENT_3D('',#3044,#2458,#2459);
#2044=AXIS2_PLACEMENT_3D('',#3047,#2462,#2463);
#2045=AXIS2_PLACEMENT_3D('',#3049,#2465,#2466);
#2046=AXIS2_PLACEMENT_3D('',#3055,#2471,#2472);
#2047=AXIS2_PLACEMENT_3D('',#3056,#2473,#2474);
#2048=AXIS2_PLACEMENT_3D('',#3065,#2480,#2481);
#2049=AXIS2_PLACEMENT_3D('',#3067,#2483,#2484);
#2050=AXIS2_PLACEMENT_3D('',#3070,#2487,#2488);
#2051=AXIS2_PLACEMENT_3D('',#3071,#2489,#2490);
#2052=AXIS2_PLACEMENT_3D('',#3074,#2492,#2493);
#2053=AXIS2_PLACEMENT_3D('',#3075,#2494,#2495);
#2054=AXIS2_PLACEMENT_3D('',#3077,#2497,#2498);
#2055=AXIS2_PLACEMENT_3D('',#3078,#2499,#2500);
#2056=AXIS2_PLACEMENT_3D('',#3079,#2501,#2502);
#2057=AXIS2_PLACEMENT_3D('',#3087,#2507,#2508);
#2058=AXIS2_PLACEMENT_3D('',#3089,#2510,#2511);
#2059=AXIS2_PLACEMENT_3D('',#3094,#2515,#2516);
#2060=AXIS2_PLACEMENT_3D('',#3095,#2517,#2518);
#2061=AXIS2_PLACEMENT_3D('',#3097,#2520,#2521);
#2062=AXIS2_PLACEMENT_3D('',#3098,#2522,#2523);
#2063=AXIS2_PLACEMENT_3D('',#3099,#2524,#2525);
#2064=AXIS2_PLACEMENT_3D('',#3100,#2526,#2527);
#2065=AXIS2_PLACEMENT_3D('',#3101,#2528,#2529);
#2066=AXIS2_PLACEMENT_3D('',#3102,#2530,#2531);
#2067=AXIS2_PLACEMENT_3D('',#3103,#2532,#2533);
#2068=AXIS2_PLACEMENT_3D('',#3104,#2534,#2535);
#2069=AXIS2_PLACEMENT_3D('',#3105,#2536,#2537);
#2070=AXIS2_PLACEMENT_3D('',#3106,#2538,#2539);
#2071=AXIS2_PLACEMENT_3D('',#3108,#2541,#2542);
#2072=AXIS2_PLACEMENT_3D('',#3110,#2544,#2545);
#2073=AXIS2_PLACEMENT_3D('',#3112,#2547,#2548);
#2074=AXIS2_PLACEMENT_3D('',#3114,#2550,#2551);
#2075=AXIS2_PLACEMENT_3D('',#3116,#2553,#2554);
#2076=AXIS2_PLACEMENT_3D('',#3118,#2556,#2557);
#2077=AXIS2_PLACEMENT_3D('',#3120,#2559,#2560);
#2078=AXIS2_PLACEMENT_3D('',#3122,#2562,#2563);
#2079=AXIS2_PLACEMENT_3D('',#3124,#2565,#2566);
#2080=AXIS2_PLACEMENT_3D('',#3126,#2568,#2569);
#2081=AXIS2_PLACEMENT_3D('',#3128,#2571,#2572);
#2082=AXIS2_PLACEMENT_3D('',#3130,#2574,#2575);
#2083=AXIS2_PLACEMENT_3D('',#3132,#2577,#2578);
#2084=AXIS2_PLACEMENT_3D('',#3134,#2580,#2581);
#2085=AXIS2_PLACEMENT_3D('',#3136,#2583,#2584);
#2086=AXIS2_PLACEMENT_3D('',#3138,#2586,#2587);
#2087=AXIS2_PLACEMENT_3D('',#3140,#2589,#2590);
#2088=AXIS2_PLACEMENT_3D('',#3142,#2592,#2593);
#2089=AXIS2_PLACEMENT_3D('',#3143,#2594,#2595);
#2090=AXIS2_PLACEMENT_3D('',#3144,#2596,#2597);
#2091=AXIS2_PLACEMENT_3D('',#3153,#2602,#2603);
#2092=AXIS2_PLACEMENT_3D('',#3159,#2607,#2608);
#2093=AXIS2_PLACEMENT_3D('',#3165,#2612,#2613);
#2094=AXIS2_PLACEMENT_3D('',#3167,#2615,#2616);
#2095=AXIS2_PLACEMENT_3D('',#3169,#2618,#2619);
#2096=DIRECTION('',(0.,0.,1.));
#2097=DIRECTION('',(1.,0.,0.));
#2098=DIRECTION('',(1.,0.,0.));
#2099=DIRECTION('',(0.,0.,-1.));
#2100=DIRECTION('',(0.,1.,0.));
#2101=DIRECTION('',(0.,0.,-1.));
#2102=DIRECTION('',(0.,1.,0.));
#2103=DIRECTION('',(0.,0.,-1.));
#2104=DIRECTION('',(1.,0.,0.));
#2105=DIRECTION('',(0.,0.,-1.));
#2106=DIRECTION('',(0.,0.,-1.));
#2107=DIRECTION('',(0.,1.,0.));
#2108=DIRECTION('',(0.,0.,-1.));
#2109=DIRECTION('',(0.,1.,0.));
#2110=DIRECTION('',(0.,-1.,0.));
#2111=DIRECTION('',(1.,0.,0.));
#2112=DIRECTION('',(1.,0.,0.));
#2113=DIRECTION('',(-1.,-1.83374574627569E-16,0.));
#2114=DIRECTION('',(0.,-1.,0.));
#2115=DIRECTION('',(1.,0.,0.));
#2116=DIRECTION('',(1.,0.,0.));
#2117=DIRECTION('',(-1.,-1.83374574627569E-16,0.));
#2118=DIRECTION('',(0.,0.,-1.));
#2119=DIRECTION('',(-1.,0.,0.));
#2120=DIRECTION('',(0.,0.,1.));
#2121=DIRECTION('',(1.,0.,0.));
#2122=DIRECTION('',(0.,0.,1.));
#2123=DIRECTION('',(1.,0.,0.));
#2124=DIRECTION('',(1.,6.93889390390723E-16,0.));
#2125=DIRECTION('',(-6.93889390390723E-16,1.,0.));
#2126=DIRECTION('',(6.93889390390723E-16,-1.,0.));
#2127=DIRECTION('',(0.,0.,-1.));
#2128=DIRECTION('',(6.93889390390723E-16,-1.,0.));
#2129=DIRECTION('',(0.,0.,-1.));
#2130=DIRECTION('',(6.93889390390723E-16,-1.,0.));
#2131=DIRECTION('',(0.,0.,-1.));
#2132=DIRECTION('',(6.93889390390723E-16,-1.,0.));
#2133=DIRECTION('',(0.,0.,-1.));
#2134=DIRECTION('',(0.,0.,-1.));
#2135=DIRECTION('',(1.,0.,0.));
#2136=DIRECTION('',(-1.,-1.8343528647998E-16,0.));
#2137=DIRECTION('',(0.,-1.,0.));
#2138=DIRECTION('',(-1.,-1.82849231251609E-16,0.));
#2139=DIRECTION('',(-1.,-1.83374574627569E-16,0.));
#2140=DIRECTION('',(0.,1.,0.));
#2141=DIRECTION('',(-1.,-1.83374574627569E-16,0.));
#2142=DIRECTION('',(0.,0.,1.));
#2143=DIRECTION('',(1.,0.,0.));
#2144=DIRECTION('',(-1.,-1.83374574627569E-16,0.));
#2145=DIRECTION('',(0.,-1.,0.));
#2146=DIRECTION('',(1.83374574627569E-16,-1.,0.));
#2147=DIRECTION('',(0.650791373455969,-0.759256602365296,0.));
#2148=DIRECTION('',(0.310020599830918,-0.950729839481479,0.));
#2149=DIRECTION('',(6.93889390390723E-16,-1.,0.));
#2150=DIRECTION('',(1.,0.,0.));
#2151=DIRECTION('',(0.,0.,-1.));
#2152=DIRECTION('',(0.,-1.,0.));
#2153=DIRECTION('',(0.,0.,-1.));
#2154=DIRECTION('',(0.,0.,-1.));
#2155=DIRECTION('',(0.,0.,-1.));
#2156=DIRECTION('',(0.950729839481479,0.310020599830917,0.));
#2157=DIRECTION('',(-0.310020599830918,0.950729839481479,0.));
#2158=DIRECTION('',(0.304917278626804,-0.935079654455531,-0.180697241313054));
#2159=DIRECTION('',(0.310020599830918,-0.950729839481479,0.));
#2160=DIRECTION('',(0.,0.,-1.));
#2161=DIRECTION('',(0.,0.,-1.));
#2162=DIRECTION('',(0.759256602365296,0.650791373455969,0.));
#2163=DIRECTION('',(-0.650791373455969,0.759256602365296,0.));
#2164=DIRECTION('',(0.607199288604985,-0.708399170039148,-0.359832794232885));
#2165=DIRECTION('',(1.83374574627569E-16,-1.,0.));
#2166=DIRECTION('',(1.,1.83374574627569E-16,0.));
#2167=DIRECTION('',(-1.,-1.83374574627569E-16,0.));
#2168=DIRECTION('',(-1.,0.,0.));
#2169=DIRECTION('',(0.,0.,1.));
#2170=DIRECTION('',(0.,0.,1.));
#2171=DIRECTION('',(0.,1.,0.));
#2172=DIRECTION('',(0.,0.,-1.));
#2173=DIRECTION('',(0.,1.,0.));
#2174=DIRECTION('',(0.,0.,1.));
#2175=DIRECTION('',(0.,1.,0.));
#2176=DIRECTION('',(0.,0.,1.));
#2177=DIRECTION('',(1.,0.,0.));
#2178=DIRECTION('',(-0.385278449419051,0.922800366500389,0.));
#2179=DIRECTION('',(-3.46944695195361E-15,1.,0.));
#2180=DIRECTION('',(1.,3.46944695195361E-15,0.));
#2181=DIRECTION('',(0.,1.,0.));
#2182=DIRECTION('',(0.707106781186548,0.707106781186547,0.));
#2183=DIRECTION('',(0.788721750834018,2.7364282743706E-15,-0.614750355641477));
#2184=DIRECTION('',(-0.614750355641477,0.,-0.788721750834018));
#2185=DIRECTION('',(-0.345385978758443,0.827251844122033,-0.443128550280579));
#2186=DIRECTION('',(-3.46944695195361E-15,1.,0.));
#2187=DIRECTION('',(-0.614750355641477,-2.13284374759272E-15,-0.788721750834018));
#2188=DIRECTION('',(1.83374574627569E-16,-1.,0.));
#2189=DIRECTION('',(1.,1.83374574627569E-16,0.));
#2190=DIRECTION('',(0.,0.,-1.));
#2191=DIRECTION('',(-1.,-1.83374574627569E-16,0.));
#2192=DIRECTION('',(1.83374574627569E-16,-1.,0.));
#2193=DIRECTION('',(1.,1.83374574627569E-16,0.));
#2194=DIRECTION('',(0.,0.,1.));
#2195=DIRECTION('',(-1.,-1.83374574627569E-16,0.));
#2196=DIRECTION('',(-1.,-1.83374574627569E-16,0.));
#2197=DIRECTION('',(0.,0.,1.));
#2198=DIRECTION('',(1.,0.,0.));
#2199=DIRECTION('',(-1.,-1.83374574627569E-16,0.));
#2200=DIRECTION('',(-0.707106781186548,-0.707106781186547,0.));
#2201=DIRECTION('',(0.,1.,0.));
#2202=DIRECTION('',(6.93889390390723E-16,-1.,0.));
#2203=DIRECTION('',(1.83374574627569E-16,-1.,0.));
#2204=DIRECTION('',(1.,6.93889390390723E-16,0.));
#2205=DIRECTION('',(-6.93889390390723E-16,1.,0.));
#2206=DIRECTION('',(-1.,0.,0.));
#2207=DIRECTION('',(0.,0.,1.));
#2208=DIRECTION('',(0.,0.,1.));
#2209=DIRECTION('',(0.,1.,0.));
#2210=DIRECTION('',(0.,1.,0.));
#2211=DIRECTION('',(0.,0.,-1.));
#2212=DIRECTION('',(0.,0.,1.));
#2213=DIRECTION('',(1.,0.,0.));
#2214=DIRECTION('',(0.385278449419051,-0.922800366500389,0.));
#2215=DIRECTION('',(0.707106781186547,-0.707106781186548,0.));
#2216=DIRECTION('',(0.,0.,1.));
#2217=DIRECTION('',(0.707106781186547,-0.707106781186548,0.));
#2218=DIRECTION('',(-0.707106781186548,-0.707106781186547,0.));
#2219=DIRECTION('',(0.,-1.,0.));
#2220=DIRECTION('',(0.,0.,-1.));
#2221=DIRECTION('',(-3.46944695195361E-15,1.,0.));
#2222=DIRECTION('',(-1.,-3.46944695195361E-15,0.));
#2223=DIRECTION('',(-0.922800366500389,-0.385278449419051,0.));
#2224=DIRECTION('',(0.385278449419051,-0.922800366500389,0.));
#2225=DIRECTION('',(0.509813917919959,9.34869103377871E-17,0.860284702348648));
#2226=DIRECTION('',(0.860284702348648,0.,-0.509813917919959));
#2227=DIRECTION('',(-0.860284702348648,-1.57754341351788E-16,0.509813917919959));
#2228=DIRECTION('',(1.83374574627569E-16,-1.,0.));
#2229=DIRECTION('',(1.,1.83374574627569E-16,0.));
#2230=DIRECTION('',(1.8343528647998E-16,-1.,0.));
#2231=DIRECTION('',(1.,1.8343528647998E-16,0.));
#2232=DIRECTION('',(-1.,-1.8343528647998E-16,0.));
#2233=DIRECTION('',(0.,0.,-1.));
#2234=DIRECTION('',(1.82849231251609E-16,-1.,0.));
#2235=DIRECTION('',(1.,1.82849231251609E-16,0.));
#2236=DIRECTION('',(0.,0.,-1.));
#2237=DIRECTION('',(-1.,-1.82849231251609E-16,0.));
#2238=DIRECTION('',(1.,0.,0.));
#2239=DIRECTION('',(0.,0.,-1.));
#2240=DIRECTION('',(0.,-1.,0.));
#2241=DIRECTION('',(0.,0.,-1.));
#2242=DIRECTION('',(1.,0.,0.));
#2243=DIRECTION('',(0.,0.,1.));
#2244=DIRECTION('',(1.,0.,0.));
#2245=DIRECTION('',(1.83374574627569E-16,-1.,0.));
#2246=DIRECTION('',(1.,1.83374574627569E-16,0.));
#2247=DIRECTION('',(-1.,-1.83374574627569E-16,0.));
#2248=DIRECTION('',(0.,0.,-1.));
#2249=DIRECTION('',(-1.,-1.83374574627569E-16,0.));
#2250=DIRECTION('',(0.,0.,-1.));
#2251=DIRECTION('',(1.,1.83374574627569E-16,0.));
#2252=DIRECTION('',(0.,0.,-1.));
#2253=DIRECTION('',(1.,1.83374574627569E-16,0.));
#2254=DIRECTION('',(0.,0.,-1.));
#2255=DIRECTION('',(0.,0.,1.));
#2256=DIRECTION('',(1.,0.,0.));
#2257=DIRECTION('',(0.,0.,-1.));
#2258=DIRECTION('',(0.,0.,-1.));
#2259=DIRECTION('',(-1.,0.,0.));
#2260=DIRECTION('',(0.,0.,1.));
#2261=DIRECTION('',(0.,0.,1.));
#2262=DIRECTION('',(1.,0.,0.));
#2263=DIRECTION('',(0.,1.,0.));
#2264=DIRECTION('',(0.,0.,1.));
#2265=DIRECTION('',(0.,1.,0.));
#2266=DIRECTION('',(0.,0.,1.));
#2267=DIRECTION('',(-1.,-1.83374574627569E-16,0.));
#2268=DIRECTION('',(0.,0.,-1.));
#2269=DIRECTION('',(-1.,0.,0.));
#2270=DIRECTION('',(0.,0.,-1.));
#2271=DIRECTION('',(1.,0.,0.));
#2272=DIRECTION('',(0.,1.,0.));
#2273=DIRECTION('',(0.,0.,1.));
#2274=DIRECTION('',(0.,1.,0.));
#2275=DIRECTION('',(0.,0.,1.));
#2276=DIRECTION('',(1.,0.,0.));
#2277=DIRECTION('',(0.,0.,-1.));
#2278=DIRECTION('',(-1.,-1.83374574627569E-16,0.));
#2279=DIRECTION('',(1.,6.93889390390723E-16,0.));
#2280=DIRECTION('',(-6.93889390390723E-16,1.,0.));
#2281=DIRECTION('',(0.,0.,-1.));
#2282=DIRECTION('',(6.93889390390723E-16,-1.,0.));
#2283=DIRECTION('',(0.,0.,-1.));
#2284=DIRECTION('',(6.93889390390723E-16,-1.,0.));
#2285=DIRECTION('',(1.,0.,0.));
#2286=DIRECTION('',(0.,0.,-1.));
#2287=DIRECTION('',(0.,-1.,0.));
#2288=DIRECTION('',(0.,0.,-1.));
#2289=DIRECTION('',(0.,-1.,0.));
#2290=DIRECTION('',(0.,0.,-1.));
#2291=DIRECTION('',(0.,0.,-1.));
#2292=DIRECTION('',(1.,0.,0.));
#2293=DIRECTION('',(-1.,-1.8343528647998E-16,0.));
#2294=DIRECTION('',(-1.,-1.82849231251609E-16,0.));
#2295=DIRECTION('',(0.,0.,-1.));
#2296=DIRECTION('',(1.,0.,0.));
#2297=DIRECTION('',(0.,0.,-1.));
#2298=DIRECTION('',(-1.,0.,0.));
#2299=DIRECTION('',(0.,1.,0.));
#2300=DIRECTION('',(-0.707106781186547,0.707106781186548,0.));
#2301=DIRECTION('',(0.,-1.,0.));
#2302=DIRECTION('',(1.,3.46944695195361E-15,0.));
#2303=DIRECTION('',(0.,-1.,0.));
#2304=DIRECTION('',(-1.,-1.8343528647998E-16,0.));
#2305=DIRECTION('',(0.,-1.,0.));
#2306=DIRECTION('',(-1.,-1.82849231251609E-16,0.));
#2307=DIRECTION('',(0.,-1.,0.));
#2308=DIRECTION('',(0.,0.,-1.));
#2309=DIRECTION('',(0.951056516295153,-0.309016994374948,0.));
#2310=DIRECTION('',(0.,0.,-1.));
#2311=DIRECTION('',(0.891006524188367,-0.453990499739548,0.));
#2312=DIRECTION('',(0.,0.,-1.));
#2313=DIRECTION('',(0.809016994374947,-0.587785252292473,0.));
#2314=DIRECTION('',(0.,0.,-1.));
#2315=DIRECTION('',(0.707106781186548,-0.707106781186548,0.));
#2316=DIRECTION('',(0.,0.,-1.));
#2317=DIRECTION('',(0.587785252292473,-0.809016994374947,0.));
#2318=DIRECTION('',(0.,0.,-1.));
#2319=DIRECTION('',(0.453990499739547,-0.891006524188368,0.));
#2320=DIRECTION('',(0.,0.,-1.));
#2321=DIRECTION('',(0.309016994374947,-0.951056516295154,0.));
#2322=DIRECTION('',(0.,0.,-1.));
#2323=DIRECTION('',(0.156434465040231,-0.987688340595138,0.));
#2324=DIRECTION('',(0.,0.,-1.));
#2325=DIRECTION('',(-1.11022302462516E-16,-1.,0.));
#2326=DIRECTION('',(0.,0.,-1.));
#2327=DIRECTION('',(-0.156434465040231,-0.987688340595138,0.));
#2328=DIRECTION('',(0.,0.,-1.));
#2329=DIRECTION('',(-0.309016994374948,-0.951056516295154,0.));
#2330=DIRECTION('',(0.,0.,-1.));
#2331=DIRECTION('',(-0.453990499739548,-0.891006524188367,0.));
#2332=DIRECTION('',(0.,0.,-1.));
#2333=DIRECTION('',(-0.587785252292473,-0.809016994374947,0.));
#2334=DIRECTION('',(0.,0.,-1.));
#2335=DIRECTION('',(-0.707106781186548,-0.707106781186548,0.));
#2336=DIRECTION('',(0.,0.,-1.));
#2337=DIRECTION('',(-0.809016994374948,-0.587785252292473,0.));
#2338=DIRECTION('',(0.,0.,-1.));
#2339=DIRECTION('',(-0.891006524188368,-0.453990499739547,0.));
#2340=DIRECTION('',(0.,0.,-1.));
#2341=DIRECTION('',(-0.951056516295154,-0.309016994374948,0.));
#2342=DIRECTION('',(0.,0.,-1.));
#2343=DIRECTION('',(-0.987688340595138,-0.156434465040231,0.));
#2344=DIRECTION('',(0.,0.,-1.));
#2345=DIRECTION('',(1.,0.,0.));
#2346=DIRECTION('',(-1.,-1.8343528647998E-16,0.));
#2347=DIRECTION('',(-1.,-1.82849231251609E-16,0.));
#2348=DIRECTION('',(0.,-1.,0.));
#2349=DIRECTION('',(0.707106781186547,0.,-0.707106781186548));
#2350=DIRECTION('',(0.,1.,0.));
#2351=DIRECTION('',(-0.707106781186548,-1.29708334978891E-16,-0.707106781186547));
#2352=DIRECTION('',(0.707106781186548,1.2929393135276E-16,0.707106781186547));
#2353=DIRECTION('',(1.,0.,0.));
#2354=DIRECTION('',(0.,0.,-1.));
#2355=DIRECTION('',(0.,0.,1.));
#2356=DIRECTION('',(0.,-1.,0.));
#2357=DIRECTION('',(0.,0.,1.));
#2358=DIRECTION('',(0.,-1.,0.));
#2359=DIRECTION('',(0.,0.916515138991168,-0.4));
#2360=DIRECTION('',(0.,-1.,0.));
#2361=DIRECTION('',(0.,0.,-1.));
#2362=DIRECTION('',(-1.,0.,0.));
#2363=DIRECTION('',(-1.,-1.8343528647998E-16,0.));
#2364=DIRECTION('',(0.,-1.,0.));
#2365=DIRECTION('',(1.,0.,0.));
#2366=DIRECTION('',(0.,1.,0.));
#2367=DIRECTION('',(1.,1.83374574627569E-16,0.));
#2368=DIRECTION('',(0.707106781186547,-0.707106781186548,0.));
#2369=DIRECTION('',(0.,-1.,0.));
#2370=DIRECTION('',(1.,0.,0.));
#2371=DIRECTION('',(-1.,-1.82849231251609E-16,0.));
#2372=DIRECTION('',(0.,0.,1.));
#2373=DIRECTION('',(1.,0.,0.));
#2374=DIRECTION('',(0.,0.,1.));
#2375=DIRECTION('',(1.,0.,0.));
#2376=DIRECTION('',(0.,0.,1.));
#2377=DIRECTION('',(0.987688340595138,0.156434465040231,0.));
#2378=DIRECTION('',(0.,0.,1.));
#2379=DIRECTION('',(0.951056516295154,0.309016994374948,0.));
#2380=DIRECTION('',(0.,0.,1.));
#2381=DIRECTION('',(0.891006524188368,0.453990499739547,0.));
#2382=DIRECTION('',(0.,0.,1.));
#2383=DIRECTION('',(0.809016994374948,0.587785252292473,0.));
#2384=DIRECTION('',(0.,0.,1.));
#2385=DIRECTION('',(0.707106781186548,0.707106781186548,0.));
#2386=DIRECTION('',(0.,0.,1.));
#2387=DIRECTION('',(0.587785252292473,0.809016994374947,0.));
#2388=DIRECTION('',(0.,0.,1.));
#2389=DIRECTION('',(0.453990499739548,0.891006524188367,0.));
#2390=DIRECTION('',(0.,0.,1.));
#2391=DIRECTION('',(0.309016994374948,0.951056516295154,0.));
#2392=DIRECTION('',(0.,0.,1.));
#2393=DIRECTION('',(0.156434465040231,0.987688340595138,0.));
#2394=DIRECTION('',(0.,0.,1.));
#2395=DIRECTION('',(1.11022302462516E-16,1.,0.));
#2396=DIRECTION('',(0.,0.,1.));
#2397=DIRECTION('',(-0.156434465040231,0.987688340595138,0.));
#2398=DIRECTION('',(0.,0.,1.));
#2399=DIRECTION('',(-0.309016994374947,0.951056516295154,0.));
#2400=DIRECTION('',(0.,0.,1.));
#2401=DIRECTION('',(-0.453990499739547,0.891006524188368,0.));
#2402=DIRECTION('',(0.,0.,1.));
#2403=DIRECTION('',(-0.587785252292473,0.809016994374947,0.));
#2404=DIRECTION('',(0.,0.,1.));
#2405=DIRECTION('',(-0.707106781186548,0.707106781186548,0.));
#2406=DIRECTION('',(0.,0.,1.));
#2407=DIRECTION('',(-0.809016994374947,0.587785252292473,0.));
#2408=DIRECTION('',(0.,0.,1.));
#2409=DIRECTION('',(-0.891006524188367,0.453990499739548,0.));
#2410=DIRECTION('',(0.,0.,1.));
#2411=DIRECTION('',(-0.951056516295153,0.309016994374948,0.));
#2412=DIRECTION('',(-1.,0.,0.));
#2413=DIRECTION('',(0.,1.,0.));
#2414=DIRECTION('',(0.,0.,1.));
#2415=DIRECTION('',(1.,0.,0.));
#2416=DIRECTION('',(-0.310027733585607,-0.950727513227514,0.));
#2417=DIRECTION('',(-1.83374574627569E-16,1.,0.));
#2418=DIRECTION('',(-1.83374574627569E-16,1.,0.));
#2419=DIRECTION('',(1.,1.83374574627569E-16,0.));
#2420=DIRECTION('',(1.83374574627569E-16,-1.,0.));
#2421=DIRECTION('',(0.,0.,-1.));
#2422=DIRECTION('',(1.,0.,0.));
#2423=DIRECTION('',(-1.,-3.46944695195361E-15,0.));
#2424=DIRECTION('',(0.,-1.,0.));
#2425=DIRECTION('',(-0.707106781186547,0.707106781186548,0.));
#2426=DIRECTION('',(0.,1.,0.));
#2427=DIRECTION('',(-0.447937347632469,-0.894064948757074,0.));
#2428=DIRECTION('',(-3.46944695195361E-15,1.,0.));
#2429=DIRECTION('',(-1.,0.,0.));
#2430=DIRECTION('',(0.,-1.,0.));
#2431=DIRECTION('',(0.,0.,1.));
#2432=DIRECTION('',(0.,0.,1.));
#2433=DIRECTION('',(0.,-1.,0.));
#2434=DIRECTION('',(0.,0.,1.));
#2435=DIRECTION('',(1.,0.,0.));
#2436=DIRECTION('',(0.,0.,-1.));
#2437=DIRECTION('',(0.,0.,1.));
#2438=DIRECTION('',(0.,0.,1.));
#2439=DIRECTION('',(0.,-1.,0.));
#2440=DIRECTION('',(0.,0.,1.));
#2441=DIRECTION('',(0.,-1.,0.));
#2442=DIRECTION('',(-1.,0.,0.));
#2443=DIRECTION('',(0.,0.,1.));
#2444=DIRECTION('',(0.,1.,0.));
#2445=DIRECTION('',(0.,0.,1.));
#2446=DIRECTION('',(0.,1.,0.));
#2447=DIRECTION('',(0.,0.,-1.));
#2448=DIRECTION('',(0.,1.,0.));
#2449=DIRECTION('',(0.,0.,1.));
#2450=DIRECTION('',(1.,0.,0.));
#2451=DIRECTION('',(1.,0.,0.));
#2452=DIRECTION('',(-1.,-1.83374574627569E-16,0.));
#2453=DIRECTION('',(0.,0.,1.));
#2454=DIRECTION('',(1.,0.,0.));
#2455=DIRECTION('',(-1.,-1.57702134179709E-16,0.));
#2456=DIRECTION('',(1.,0.,0.));
#2457=DIRECTION('',(0.,1.,0.));
#2458=DIRECTION('',(0.,0.,1.));
#2459=DIRECTION('',(1.,0.,0.));
#2460=DIRECTION('',(1.,0.,0.));
#2461=DIRECTION('',(1.,0.,0.));
#2462=DIRECTION('',(0.,-1.,0.));
#2463=DIRECTION('',(0.,0.,-1.));
#2464=DIRECTION('',(0.,0.,1.));
#2465=DIRECTION('',(-1.,0.,0.));
#2466=DIRECTION('',(0.,0.,1.));
#2467=DIRECTION('',(0.,-0.916515138991168,0.4));
#2468=DIRECTION('',(0.,0.,-1.));
#2469=DIRECTION('',(-1.83374574627569E-16,1.,0.));
#2470=DIRECTION('',(0.,0.,-1.));
#2471=DIRECTION('',(0.,-1.,0.));
#2472=DIRECTION('',(0.,0.,-1.));
#2473=DIRECTION('',(0.,0.,1.));
#2474=DIRECTION('',(1.,0.,0.));
#2475=DIRECTION('',(1.,0.,0.));
#2476=DIRECTION('',(3.26536183713282E-15,-1.,0.));
#2477=DIRECTION('',(0.447937347632469,0.894064948757074,0.));
#2478=DIRECTION('',(-1.,-1.83374574627569E-16,0.));
#2479=DIRECTION('',(0.,1.,0.));
#2480=DIRECTION('',(0.707106781186548,0.707106781186547,0.));
#2481=DIRECTION('',(0.,0.,1.));
#2482=DIRECTION('',(-0.577350269189626,0.577350269189626,0.577350269189625));
#2483=DIRECTION('',(0.606411946210428,2.10391407840803E-15,-0.795150647043239));
#2484=DIRECTION('',(-0.795150647043239,0.,-0.606411946210428));
#2485=DIRECTION('',(-0.423885926231225,-0.846059277972326,-0.32327143347355));
#2486=DIRECTION('',(-0.795150647043239,-2.75873298872811E-15,-0.606411946210428));
#2487=DIRECTION('',(-3.46944695195361E-15,1.,0.));
#2488=DIRECTION('',(-1.,-3.46944695195361E-15,0.));
#2489=DIRECTION('',(-3.46944695195361E-15,1.,0.));
#2490=DIRECTION('',(-1.,-3.46944695195361E-15,0.));
#2491=DIRECTION('',(0.707106781186548,2.4532694666934E-15,-0.707106781186547));
#2492=DIRECTION('',(0.894064948757074,-0.447937347632469,0.));
#2493=DIRECTION('',(0.447937347632469,0.894064948757074,0.));
#2494=DIRECTION('',(1.,0.,0.));
#2495=DIRECTION('',(0.,0.,-1.));
#2496=DIRECTION('',(0.,0.,-1.));
#2497=DIRECTION('',(1.83374574627569E-16,-1.,0.));
#2498=DIRECTION('',(1.,1.83374574627569E-16,0.));
#2499=DIRECTION('',(-0.707106781186547,0.,-0.707106781186548));
#2500=DIRECTION('',(0.,1.,0.));
#2501=DIRECTION('',(0.,0.,1.));
#2502=DIRECTION('',(1.,0.,0.));
#2503=DIRECTION('',(-1.83374574627569E-16,1.,0.));
#2504=DIRECTION('',(-0.310027733585607,-0.950727513227514,0.));
#2505=DIRECTION('',(-0.650779434875311,-0.759266835271613,0.));
#2506=DIRECTION('',(-1.83374574627569E-16,1.,0.));
#2507=DIRECTION('',(1.,1.83374574627569E-16,0.));
#2508=DIRECTION('',(-1.83374574627569E-16,1.,0.));
#2509=DIRECTION('',(0.,0.,1.));
#2510=DIRECTION('',(0.509802390301733,9.34847964656985E-17,-0.860291533634174));
#2511=DIRECTION('',(-0.860291533634174,0.,-0.509802390301733));
#2512=DIRECTION('',(0.60719199378608,0.708413202412502,0.359817477799159));
#2513=DIRECTION('',(0.304924370041027,0.935077596764493,0.180695922987275));
#2514=DIRECTION('',(0.860291533634174,1.57755594035866E-16,0.509802390301733));
#2515=DIRECTION('',(1.83374574627569E-16,-1.,0.));
#2516=DIRECTION('',(1.,1.83374574627569E-16,0.));
#2517=DIRECTION('',(-0.950727513227514,0.310027733585607,0.));
#2518=DIRECTION('',(-0.310027733585607,-0.950727513227514,0.));
#2519=DIRECTION('',(0.,0.,1.));
#2520=DIRECTION('',(-0.759266835271613,0.650779434875311,0.));
#2521=DIRECTION('',(-0.650779434875311,-0.759266835271613,0.));
#2522=DIRECTION('',(0.,-0.4,-0.916515138991168));
#2523=DIRECTION('',(0.,0.916515138991168,-0.4));
#2524=DIRECTION('',(1.82849231251609E-16,-1.,0.));
#2525=DIRECTION('',(1.,1.82849231251609E-16,0.));
#2526=DIRECTION('',(1.8343528647998E-16,-1.,0.));
#2527=DIRECTION('',(1.,1.8343528647998E-16,0.));
#2528=DIRECTION('',(0.,1.,0.));
#2529=DIRECTION('',(0.,0.,1.));
#2530=DIRECTION('',(0.,1.,0.));
#2531=DIRECTION('',(0.,0.,1.));
#2532=DIRECTION('',(0.,1.,0.));
#2533=DIRECTION('',(0.,0.,1.));
#2534=DIRECTION('',(0.,1.,0.));
#2535=DIRECTION('',(0.,0.,1.));
#2536=DIRECTION('',(-3.46944695195361E-15,1.,0.));
#2537=DIRECTION('',(-1.,-3.46944695195361E-15,0.));
#2538=DIRECTION('',(0.,0.,-1.));
#2539=DIRECTION('',(0.951056516295153,-0.309016994374948,0.));
#2540=DIRECTION('',(0.,0.,-1.));
#2541=DIRECTION('',(0.,0.,-1.));
#2542=DIRECTION('',(-1.,0.,0.));
#2543=DIRECTION('',(0.,0.,-1.));
#2544=DIRECTION('',(0.,0.,-1.));
#2545=DIRECTION('',(-0.987688340595138,-0.156434465040231,0.));
#2546=DIRECTION('',(0.,0.,-1.));
#2547=DIRECTION('',(0.,0.,-1.));
#2548=DIRECTION('',(-0.951056516295154,-0.309016994374948,0.));
#2549=DIRECTION('',(0.,0.,-1.));
#2550=DIRECTION('',(0.,0.,-1.));
#2551=DIRECTION('',(-0.891006524188368,-0.453990499739547,0.));
#2552=DIRECTION('',(0.,0.,-1.));
#2553=DIRECTION('',(0.,0.,-1.));
#2554=DIRECTION('',(-0.809016994374948,-0.587785252292473,0.));
#2555=DIRECTION('',(0.,0.,-1.));
#2556=DIRECTION('',(0.,0.,-1.));
#2557=DIRECTION('',(-0.707106781186548,-0.707106781186548,0.));
#2558=DIRECTION('',(0.,0.,-1.));
#2559=DIRECTION('',(0.,0.,-1.));
#2560=DIRECTION('',(-0.587785252292473,-0.809016994374947,0.));
#2561=DIRECTION('',(0.,0.,-1.));
#2562=DIRECTION('',(0.,0.,-1.));
#2563=DIRECTION('',(-0.453990499739548,-0.891006524188367,0.));
#2564=DIRECTION('',(0.,0.,-1.));
#2565=DIRECTION('',(0.,0.,-1.));
#2566=DIRECTION('',(-0.309016994374948,-0.951056516295154,0.));
#2567=DIRECTION('',(0.,0.,-1.));
#2568=DIRECTION('',(0.,0.,-1.));
#2569=DIRECTION('',(-0.156434465040231,-0.987688340595138,0.));
#2570=DIRECTION('',(0.,0.,-1.));
#2571=DIRECTION('',(0.,0.,-1.));
#2572=DIRECTION('',(-1.11022302462516E-16,-1.,0.));
#2573=DIRECTION('',(0.,0.,-1.));
#2574=DIRECTION('',(0.,0.,-1.));
#2575=DIRECTION('',(0.156434465040231,-0.987688340595138,0.));
#2576=DIRECTION('',(0.,0.,-1.));
#2577=DIRECTION('',(0.,0.,-1.));
#2578=DIRECTION('',(0.309016994374947,-0.951056516295154,0.));
#2579=DIRECTION('',(0.,0.,-1.));
#2580=DIRECTION('',(0.,0.,-1.));
#2581=DIRECTION('',(0.453990499739547,-0.891006524188368,0.));
#2582=DIRECTION('',(0.,0.,-1.));
#2583=DIRECTION('',(0.,0.,-1.));
#2584=DIRECTION('',(0.587785252292473,-0.809016994374947,0.));
#2585=DIRECTION('',(0.,0.,-1.));
#2586=DIRECTION('',(0.,0.,-1.));
#2587=DIRECTION('',(0.707106781186548,-0.707106781186548,0.));
#2588=DIRECTION('',(0.,0.,-1.));
#2589=DIRECTION('',(0.,0.,-1.));
#2590=DIRECTION('',(0.809016994374947,-0.587785252292473,0.));
#2591=DIRECTION('',(0.,0.,-1.));
#2592=DIRECTION('',(0.,0.,-1.));
#2593=DIRECTION('',(0.891006524188367,-0.453990499739548,0.));
#2594=DIRECTION('',(0.,0.,1.));
#2595=DIRECTION('',(1.,0.,0.));
#2596=DIRECTION('',(-1.,0.,0.));
#2597=DIRECTION('',(0.,0.,1.));
#2598=DIRECTION('',(0.,0.,1.));
#2599=DIRECTION('',(0.,-1.,0.));
#2600=DIRECTION('',(0.,0.,1.));
#2601=DIRECTION('',(0.,-1.,0.));
#2602=DIRECTION('',(0.,1.,0.));
#2603=DIRECTION('',(0.,0.,1.));
#2604=DIRECTION('',(-1.,0.,0.));
#2605=DIRECTION('',(0.,0.,1.));
#2606=DIRECTION('',(-1.,0.,0.));
#2607=DIRECTION('',(-1.,0.,0.));
#2608=DIRECTION('',(0.,0.,1.));
#2609=DIRECTION('',(0.,-1.,0.));
#2610=DIRECTION('',(0.,0.,1.));
#2611=DIRECTION('',(0.,-1.,0.));
#2612=DIRECTION('',(0.,0.,-1.));
#2613=DIRECTION('',(1.,0.,0.));
#2614=DIRECTION('',(-1.,1.7347234759768E-16,0.));
#2615=DIRECTION('',(0.,0.,-1.));
#2616=DIRECTION('',(1.,0.,0.));
#2617=DIRECTION('',(-1.,1.7347234759768E-16,0.));
#2618=DIRECTION('',(1.7347234759768E-16,1.,0.));
#2619=DIRECTION('',(-1.,1.7347234759768E-16,0.));
#2620=CARTESIAN_POINT('',(0.,0.,0.));
#2621=CARTESIAN_POINT('',(-0.1065,0.00696916155517096,0.006));
#2622=CARTESIAN_POINT('',(-0.1065,0.00696916155517096,0.0003));
#2623=CARTESIAN_POINT('',(-0.1065,0.00696916155517096,0.0003));
#2624=CARTESIAN_POINT('',(-0.1065,0.00846916155517096,0.0003));
#2625=CARTESIAN_POINT('',(-0.1065,0.00696916155517096,0.006));
#2626=CARTESIAN_POINT('',(-0.1065,0.00696916155517096,0.004));
#2627=CARTESIAN_POINT('',(-0.1065,0.00696916155517096,0.004));
#2628=CARTESIAN_POINT('',(-0.1065,0.00846916155517096,0.004));
#2629=CARTESIAN_POINT('',(-0.1065,0.00846916155517096,0.006));
#2630=CARTESIAN_POINT('',(-0.0565,0.00696916155517096,0.006));
#2631=CARTESIAN_POINT('',(-0.0565,0.00696916155517096,0.006));
#2632=CARTESIAN_POINT('',(-0.0565,0.00696916155517096,0.004));
#2633=CARTESIAN_POINT('',(-0.0565,0.00696916155517096,0.0003));
#2634=CARTESIAN_POINT('',(-0.0565,0.00696916155517096,0.0003));
#2635=CARTESIAN_POINT('',(-0.0565,0.00846916155517096,0.0003));
#2636=CARTESIAN_POINT('',(-0.0565,0.00846916155517096,0.006));
#2637=CARTESIAN_POINT('',(-0.0565,0.00846916155517096,0.004));
#2638=CARTESIAN_POINT('',(-0.0565,0.00696916155517096,0.004));
#2639=CARTESIAN_POINT('',(-0.084,0.00696916155517096,0.002));
#2640=CARTESIAN_POINT('',(-0.0815,0.00696916155517096,0.0003));
#2641=CARTESIAN_POINT('',(0.00675,0.00696916155517098,0.004));
#2642=CARTESIAN_POINT('',(-0.084,0.00846916155517096,0.002));
#2643=CARTESIAN_POINT('',(-0.0815,0.00846916155517096,0.0003));
#2644=CARTESIAN_POINT('',(0.00675,0.00846916155517098,0.004));
#2645=CARTESIAN_POINT('',(0.00675,0.00696916155517098,0.004));
#2646=CARTESIAN_POINT('',(-0.0815,0.00696916155517096,0.0003));
#2647=CARTESIAN_POINT('',(0.,0.,0.));
#2648=CARTESIAN_POINT('',(0.125,-0.003030838444829,0.004));
#2649=CARTESIAN_POINT('',(0.125,-0.003030838444829,0.002));
#2650=CARTESIAN_POINT('',(0.125,-0.000530838444829004,0.002));
#2651=CARTESIAN_POINT('',(0.125,-0.005530838444829,0.002));
#2652=CARTESIAN_POINT('',(0.125,-0.000530838444829004,0.002));
#2653=CARTESIAN_POINT('',(0.125,-0.000530838444829004,0.0002));
#2654=CARTESIAN_POINT('',(0.125,-0.003030838444829,0.0002));
#2655=CARTESIAN_POINT('',(0.125,0.006969161555171,0.0002));
#2656=CARTESIAN_POINT('',(0.125,0.006969161555171,0.004));
#2657=CARTESIAN_POINT('',(0.125,0.006969161555171,0.004));
#2658=CARTESIAN_POINT('',(0.125,-0.003030838444829,0.004));
#2659=CARTESIAN_POINT('',(0.125,-0.013030838444829,0.004));
#2660=CARTESIAN_POINT('',(0.125,-0.013030838444829,0.004));
#2661=CARTESIAN_POINT('',(0.125,-0.013030838444829,0.0002));
#2662=CARTESIAN_POINT('',(0.125,-0.003030838444829,0.0002));
#2663=CARTESIAN_POINT('',(0.125,-0.005530838444829,0.0002));
#2664=CARTESIAN_POINT('',(0.125,-0.005530838444829,0.002));
#2665=CARTESIAN_POINT('',(0.,-0.023030838444829,0.0002));
#2666=CARTESIAN_POINT('',(-4.12729394579955E-18,-0.000530838444829027,0.0002));
#2667=CARTESIAN_POINT('',(-0.06,-0.000530838444829038,0.0002));
#2668=CARTESIAN_POINT('',(-0.06,-0.023030838444829,0.0002));
#2669=CARTESIAN_POINT('',(-0.06,-0.00553083844482903,0.0002));
#2670=CARTESIAN_POINT('',(-3.19986154690316E-18,-0.00553083844482903,0.0002));
#2671=CARTESIAN_POINT('',(0.00675,-0.013030838444829,0.0002));
#2672=CARTESIAN_POINT('',(-0.1115,-0.013030838444829,0.0002));
#2673=CARTESIAN_POINT('',(-0.1115,-0.00303083844482901,0.0002));
#2674=CARTESIAN_POINT('',(-0.1115,0.00696916155517095,0.0002));
#2675=CARTESIAN_POINT('',(0.00675,0.00696916155517097,0.0002));
#2676=CARTESIAN_POINT('',(0.,-0.023030838444829,0.));
#2677=CARTESIAN_POINT('',(0.00675,0.00696916155517097,0.));
#2678=CARTESIAN_POINT('',(-0.1115,0.00696916155517095,0.));
#2679=CARTESIAN_POINT('',(-0.125,0.00696916155517095,0.));
#2680=CARTESIAN_POINT('',(-0.1115,-0.033030838444829,0.));
#2681=CARTESIAN_POINT('',(-0.1115,-0.0280308384448291,0.));
#2682=CARTESIAN_POINT('',(-0.1115,-0.0280308384448291,0.));
#2683=CARTESIAN_POINT('',(-0.1115,-0.0530308384448291,0.));
#2684=CARTESIAN_POINT('',(-0.1145,-0.049530838444829,0.));
#2685=CARTESIAN_POINT('',(-0.1175,-0.046030838444829,0.));
#2686=CARTESIAN_POINT('',(-0.12125,-0.034530838444829,0.));
#2687=CARTESIAN_POINT('',(-0.125,-0.023030838444829,0.));
#2688=CARTESIAN_POINT('',(-0.125,-0.00303083844482905,0.));
#2689=CARTESIAN_POINT('',(-0.1115,-0.033030838444829,0.004));
#2690=CARTESIAN_POINT('',(-0.1115,-0.033030838444829,0.004));
#2691=CARTESIAN_POINT('',(-0.1115,-0.0130308384448291,0.004));
#2692=CARTESIAN_POINT('',(-0.1115,-0.0280308384448291,0.004));
#2693=CARTESIAN_POINT('',(-0.1115,-0.0280308384448291,0.006));
#2694=CARTESIAN_POINT('',(-0.1115,0.00696916155517095,0.0002));
#2695=CARTESIAN_POINT('',(-0.1115,-0.0130308384448291,0.004));
#2696=CARTESIAN_POINT('',(-0.12125,-0.034530838444829,0.004));
#2697=CARTESIAN_POINT('',(-0.121152038787379,-0.0348312528301993,0.0057199014427145));
#2698=CARTESIAN_POINT('',(-0.118249793774627,-0.0437314708693048,0.004));
#2699=CARTESIAN_POINT('',(-0.1175,-0.046030838444829,0.0035556641878773));
#2700=CARTESIAN_POINT('',(-0.12125,-0.034530838444829,0.004));
#2701=CARTESIAN_POINT('',(-0.125,-0.023030838444829,0.004));
#2702=CARTESIAN_POINT('',(-0.125,-0.023030838444829,0.004));
#2703=CARTESIAN_POINT('',(-0.1175,-0.046030838444829,0.004));
#2704=CARTESIAN_POINT('',(-0.1145,-0.049530838444829,0.004));
#2705=CARTESIAN_POINT('',(-0.114985521947283,-0.0489643961729983,0.00206555759400271));
#2706=CARTESIAN_POINT('',(0.00675,-0.013030838444829,0.004));
#2707=CARTESIAN_POINT('',(0.00675,-0.013030838444829,0.004));
#2708=CARTESIAN_POINT('',(-0.1065,0.00948128208843817,0.006));
#2709=CARTESIAN_POINT('',(-0.1065,0.0119934026217054,-0.0474));
#2710=CARTESIAN_POINT('',(-0.1065,0.0119934026217054,0.002));
#2711=CARTESIAN_POINT('',(-0.1065,0.0119934026217054,0.006));
#2712=CARTESIAN_POINT('',(-0.1065,0.00948128208843817,0.006));
#2713=CARTESIAN_POINT('',(-0.1065,0.00196916155517095,0.006));
#2714=CARTESIAN_POINT('',(-0.1065,0.00196916155517095,0.004));
#2715=CARTESIAN_POINT('',(-0.1065,0.00196916155517095,0.004));
#2716=CARTESIAN_POINT('',(-0.1065,0.00948128208843817,0.004));
#2717=CARTESIAN_POINT('',(-0.1065,0.00696916155517097,0.004));
#2718=CARTESIAN_POINT('',(-0.1065,0.00696916155517097,0.002));
#2719=CARTESIAN_POINT('',(-0.1065,0.00696916155517095,0.002));
#2720=CARTESIAN_POINT('',(-0.1065,0.00948128208843817,0.002));
#2721=CARTESIAN_POINT('',(0.,0.00546916155517095,0.006));
#2722=CARTESIAN_POINT('',(-0.0883715983349985,-0.0314268710161133,0.006));
#2723=CARTESIAN_POINT('',(-0.108382295410307,0.0165017858367866,0.006));
#2724=CARTESIAN_POINT('',(-0.108382295410307,0.00896916155517097,0.006));
#2725=CARTESIAN_POINT('',(-0.108382295410307,0.00896916155517097,0.006));
#2726=CARTESIAN_POINT('',(-0.109941147705153,0.00896916155517096,0.006));
#2727=CARTESIAN_POINT('',(-0.1115,0.00896916155517095,0.006));
#2728=CARTESIAN_POINT('',(-0.1115,0.015469161555171,0.006));
#2729=CARTESIAN_POINT('',(-0.1115,-0.00303083844482905,0.006));
#2730=CARTESIAN_POINT('',(-0.0515,0.0569691615551709,0.006));
#2731=CARTESIAN_POINT('',(-0.109941147705153,0.00896916155517096,0.004));
#2732=CARTESIAN_POINT('',(-0.10672212361746,0.0125254224009313,0.00812999242883443));
#2733=CARTESIAN_POINT('',(-0.1115,0.023969161555171,0.00200000000000008));
#2734=CARTESIAN_POINT('',(-0.1115,0.00896916155517095,0.002));
#2735=CARTESIAN_POINT('',(-0.1115,0.00896916155517095,0.002));
#2736=CARTESIAN_POINT('',(-0.109941147705153,0.00896916155517096,0.004));
#2737=CARTESIAN_POINT('',(0.00675,0.00696916155517097,0.004));
#2738=CARTESIAN_POINT('',(-0.125,0.00696916155517095,0.004));
#2739=CARTESIAN_POINT('',(-0.125,0.00696916155517095,0.004));
#2740=CARTESIAN_POINT('',(0.00675,0.00696916155517097,0.004));
#2741=CARTESIAN_POINT('',(-0.111910416305603,0.00696916155517095,0.004));
#2742=CARTESIAN_POINT('',(-0.111910416305603,0.00696916155517095,0.00441041630560342));
#2743=CARTESIAN_POINT('',(-0.1115,0.00696916155517097,0.00441041630560342));
#2744=CARTESIAN_POINT('',(-0.1115,0.00696916155517097,0.002));
#2745=CARTESIAN_POINT('',(-0.1115,0.00696916155517097,0.002));
#2746=CARTESIAN_POINT('',(0.00675,0.00696916155517097,0.002));
#2747=CARTESIAN_POINT('',(0.00675,0.00696916155517097,0.004));
#2748=CARTESIAN_POINT('',(0.,-0.023030838444829,0.004));
#2749=CARTESIAN_POINT('',(-0.114874896887314,-0.0280308384448291,0.004));
#2750=CARTESIAN_POINT('',(-0.118249793774627,-0.0280308384448291,0.004));
#2751=CARTESIAN_POINT('',(-0.1065,0.00196916155517095,0.004));
#2752=CARTESIAN_POINT('',(-0.111910416305603,-0.00344125475043247,0.004));
#2753=CARTESIAN_POINT('',(-0.111910416305603,0.00696916155517097,0.004));
#2754=CARTESIAN_POINT('',(-0.125,-0.00303083844482905,0.004));
#2755=CARTESIAN_POINT('',(-0.118249793774627,-0.0280308384448291,0.004));
#2756=CARTESIAN_POINT('',(-0.125,-0.00303083844482905,0.004));
#2757=CARTESIAN_POINT('',(-0.1115,0.015469161555171,0.006));
#2758=CARTESIAN_POINT('',(-0.1115,0.00896916155517095,0.004));
#2759=CARTESIAN_POINT('',(-0.1115,0.015469161555171,0.002));
#2760=CARTESIAN_POINT('',(-0.1115,-0.00303083844482905,0.00441041630560342));
#2761=CARTESIAN_POINT('',(-0.1115,-0.00303083844482905,0.00441041630560342));
#2762=CARTESIAN_POINT('',(-0.1115,-0.00303083844482905,0.006));
#2763=CARTESIAN_POINT('',(0.,0.00546916155517095,0.002));
#2764=CARTESIAN_POINT('',(-0.0883715983349985,-0.0314268710161133,0.002));
#2765=CARTESIAN_POINT('',(-0.1065,0.00196916155517095,0.006));
#2766=CARTESIAN_POINT('',(-0.111910416305603,-0.00344125475043247,0.00441041630560342));
#2767=CARTESIAN_POINT('',(-0.111910416305603,-0.023030838444829,0.00441041630560342));
#2768=CARTESIAN_POINT('',(-0.112,0.00896916155517095,0.0025));
#2769=CARTESIAN_POINT('',(-0.109,0.0179812820884382,-0.0474));
#2770=CARTESIAN_POINT('',(-0.114874896887314,-0.0280308384448291,0.002));
#2771=CARTESIAN_POINT('',(-0.114874896887314,-0.0280308384448291,0.002));
#2772=CARTESIAN_POINT('',(-0.108907425194979,-0.0280308384448291,0.002));
#2773=CARTESIAN_POINT('',(0.0325,-0.000530838444829021,0.002));
#2774=CARTESIAN_POINT('',(0.0325,-0.000530838444829021,0.002));
#2775=CARTESIAN_POINT('',(-0.06,-0.000530838444829038,0.002));
#2776=CARTESIAN_POINT('',(-0.06,-0.000530838444829038,0.002));
#2777=CARTESIAN_POINT('',(0.0325,-0.00553083844482902,0.002));
#2778=CARTESIAN_POINT('',(-0.06,-0.00553083844482904,0.002));
#2779=CARTESIAN_POINT('',(-0.06,-0.00553083844482904,0.002));
#2780=CARTESIAN_POINT('',(0.0325,-0.00553083844482902,0.002));
#2781=CARTESIAN_POINT('',(-0.06,-0.00303083844482904,0.002));
#2782=CARTESIAN_POINT('',(-0.06,-0.00303083844482904,0.002));
#2783=CARTESIAN_POINT('',(0.,-0.023030838444829,0.002));
#2784=CARTESIAN_POINT('',(0.,0.,0.));
#2785=CARTESIAN_POINT('',(0.00675,-0.015030838444829,0.006));
#2786=CARTESIAN_POINT('',(0.00675,-0.015030838444829,-0.002));
#2787=CARTESIAN_POINT('',(-0.0653,-0.015030838444829,-0.002));
#2788=CARTESIAN_POINT('',(-0.1115,-0.015030838444829,-0.002));
#2789=CARTESIAN_POINT('',(-0.0653,-0.015030838444829,0.006002));
#2790=CARTESIAN_POINT('',(-0.0653,-0.015030838444829,0.006));
#2791=CARTESIAN_POINT('',(0.00675,-0.015030838444829,0.006));
#2792=CARTESIAN_POINT('',(-0.1115,-0.015030838444829,0.006));
#2793=CARTESIAN_POINT('',(-0.1115,-0.015030838444829,0.006));
#2794=CARTESIAN_POINT('',(-0.1115,-0.015030838444829,0.004));
#2795=CARTESIAN_POINT('',(-0.10475,-0.015030838444829,0.004));
#2796=CARTESIAN_POINT('',(-0.098,-0.015030838444829,0.004));
#2797=CARTESIAN_POINT('',(-0.098,-0.015030838444829,0.002));
#2798=CARTESIAN_POINT('',(-0.098,-0.015030838444829,0.));
#2799=CARTESIAN_POINT('',(-0.10475,-0.015030838444829,0.));
#2800=CARTESIAN_POINT('',(-0.1115,-0.015030838444829,0.));
#2801=CARTESIAN_POINT('',(-0.1115,-0.015030838444829,0.006));
#2802=CARTESIAN_POINT('',(-0.0563765246170202,-0.017030838444829,-0.001002));
#2803=CARTESIAN_POINT('',(-0.0580015942769279,-0.015865013157555,0.002));
#2804=CARTESIAN_POINT('',(-0.0580015942769279,-0.015865013157555,-0.002));
#2805=CARTESIAN_POINT('',(-0.0580015942769279,-0.015865013157555,0.006));
#2806=CARTESIAN_POINT('',(-0.0563765246170202,-0.017030838444829,-0.002));
#2807=CARTESIAN_POINT('',(-0.0565,-0.0150346536262819,-0.002));
#2808=CARTESIAN_POINT('',(-0.0565,-0.0150346536262819,0.0025));
#2809=CARTESIAN_POINT('',(-0.0565,-0.0150346536262819,0.006));
#2810=CARTESIAN_POINT('',(-0.0563765246170202,-0.017030838444829,0.006));
#2811=CARTESIAN_POINT('',(-0.0815,0.00896916155517096,0.006));
#2812=CARTESIAN_POINT('',(-0.0645,0.00896916155517096,0.002));
#2813=CARTESIAN_POINT('',(-0.06563578166916,0.00896916155517096,0.004));
#2814=CARTESIAN_POINT('',(-0.06563578166916,0.00896916155517096,8.67361737988404E-19));
#2815=CARTESIAN_POINT('',(0.00675,0.00896916155517098,0.004));
#2816=CARTESIAN_POINT('',(-0.1065,0.00896916155517096,0.004));
#2817=CARTESIAN_POINT('',(-0.1065,0.00896916155517096,0.006));
#2818=CARTESIAN_POINT('',(-0.1065,0.00896916155517096,0.002));
#2819=CARTESIAN_POINT('',(-0.109,0.00896916155517095,0.002));
#2820=CARTESIAN_POINT('',(-0.1115,0.00896916155517096,0.002));
#2821=CARTESIAN_POINT('',(-0.1115,0.00896916155517096,0.001));
#2822=CARTESIAN_POINT('',(-0.1115,0.00896916155517096,0.));
#2823=CARTESIAN_POINT('',(-0.0815,0.00896916155517096,0.));
#2824=CARTESIAN_POINT('',(-0.0815,0.00896916155517096,0.006));
#2825=CARTESIAN_POINT('',(-0.0645,0.00896916155517096,0.002));
#2826=CARTESIAN_POINT('',(-0.0633642183308399,0.00896916155517096,0.));
#2827=CARTESIAN_POINT('',(-0.0633642183308399,0.00896916155517096,0.004));
#2828=CARTESIAN_POINT('',(-0.0815,0.00896916155517096,0.));
#2829=CARTESIAN_POINT('',(-0.0565,0.00896916155517096,0.));
#2830=CARTESIAN_POINT('',(-0.0565,0.00896916155517096,0.006));
#2831=CARTESIAN_POINT('',(-0.0565,0.00896916155517096,0.004));
#2832=CARTESIAN_POINT('',(0.00675,0.00896916155517098,0.004));
#2833=CARTESIAN_POINT('',(0.125,-0.003030838444829,0.002));
#2834=CARTESIAN_POINT('',(0.125,-0.000630838444829004,0.002));
#2835=CARTESIAN_POINT('',(0.125,-0.000630838444829004,0.002));
#2836=CARTESIAN_POINT('',(0.125,-0.000630838444829004,0.));
#2837=CARTESIAN_POINT('',(0.125,-0.003030838444829,0.002));
#2838=CARTESIAN_POINT('',(0.125,-0.005430838444829,0.002));
#2839=CARTESIAN_POINT('',(0.125,-0.005430838444829,0.002));
#2840=CARTESIAN_POINT('',(0.125,-0.005430838444829,0.));
#2841=CARTESIAN_POINT('',(0.125,-0.003030838444829,0.));
#2842=CARTESIAN_POINT('',(-0.06,-0.00303083844482904,0.002));
#2843=CARTESIAN_POINT('',(-0.06,-0.00303083844482904,0.002));
#2844=CARTESIAN_POINT('',(-0.06,-0.000630838444829038,0.002));
#2845=CARTESIAN_POINT('',(-0.06,-0.00543083844482904,0.002));
#2846=CARTESIAN_POINT('',(-0.06,-0.000630838444829038,0.002));
#2847=CARTESIAN_POINT('',(-0.06,-0.000630838444829037,0.));
#2848=CARTESIAN_POINT('',(-0.06,-0.00303083844482904,0.));
#2849=CARTESIAN_POINT('',(-0.06,-0.00543083844482904,0.));
#2850=CARTESIAN_POINT('',(-0.06,-0.00543083844482904,0.002));
#2851=CARTESIAN_POINT('',(0.,-0.023030838444829,0.002));
#2852=CARTESIAN_POINT('',(0.0325,-0.000630838444829021,0.002));
#2853=CARTESIAN_POINT('',(0.0325,-0.00543083844482902,0.002));
#2854=CARTESIAN_POINT('',(-0.087,-0.0012066072742058,-0.002));
#2855=CARTESIAN_POINT('',(-0.065,-0.015030838444829,-0.002));
#2856=CARTESIAN_POINT('',(-0.0650988757980938,-0.0153140761127888,-0.002));
#2857=CARTESIAN_POINT('',(-0.1115,-0.00303083844482906,-0.002));
#2858=CARTESIAN_POINT('',(-0.1115,0.000969161555170953,-0.002));
#2859=CARTESIAN_POINT('',(-0.1175,0.00696916155517096,-0.002));
#2860=CARTESIAN_POINT('',(-0.115433715283871,0.00490287683904165,-0.002));
#2861=CARTESIAN_POINT('',(-0.115433715283871,0.0079360191971063,-0.002));
#2862=CARTESIAN_POINT('',(-0.115433715283871,0.0109691615551709,-0.002));
#2863=CARTESIAN_POINT('',(-0.1145,0.0109691615551709,-0.002));
#2864=CARTESIAN_POINT('',(-0.0565,0.0109691615551709,-0.002));
#2865=CARTESIAN_POINT('',(-0.0565,-0.00303083844482905,-0.002));
#2866=CARTESIAN_POINT('',(-0.0565,-0.000630838444829037,-0.002));
#2867=CARTESIAN_POINT('',(0.0325,-0.000630838444829021,-0.002));
#2868=CARTESIAN_POINT('',(-0.0462349303510968,-0.000630838444829035,-0.002));
#2869=CARTESIAN_POINT('',(-0.0462349303510968,-0.00553083844482903,-0.002));
#2870=CARTESIAN_POINT('',(-0.0462349303510968,-0.00543083844482904,-0.002));
#2871=CARTESIAN_POINT('',(0.0325,-0.00543083844482902,-0.002));
#2872=CARTESIAN_POINT('',(-0.0565,-0.00543083844482904,-0.002));
#2873=CARTESIAN_POINT('',(-0.0565,-0.00303083844482905,-0.002));
#2874=CARTESIAN_POINT('',(-0.058171302192967,-0.0161123979251413,-0.002));
#2875=CARTESIAN_POINT('',(-0.0581647909737327,-0.016412327256858,-0.002));
#2876=CARTESIAN_POINT('',(-0.0583814771653407,-0.0166198051939174,-0.002));
#2877=CARTESIAN_POINT('',(-0.0584219653945769,-0.0169170604769542,-0.002));
#2878=CARTESIAN_POINT('',(-0.0586684405196877,-0.0170880868278526,-0.002));
#2879=CARTESIAN_POINT('',(-0.0587549312428179,-0.0173753486506075,-0.002));
#2880=CARTESIAN_POINT('',(-0.0590251262658471,-0.0175057121789819,-0.002));
#2881=CARTESIAN_POINT('',(-0.0591554897942216,-0.0177759072020111,-0.002));
#2882=CARTESIAN_POINT('',(-0.0594427516169764,-0.0178623979251413,-0.002));
#2883=CARTESIAN_POINT('',(-0.0596137779678748,-0.0181088730502521,-0.002));
#2884=CARTESIAN_POINT('',(-0.0599110332509116,-0.0181493612794883,-0.002));
#2885=CARTESIAN_POINT('',(-0.0601185111879709,-0.0183660474710963,-0.002));
#2886=CARTESIAN_POINT('',(-0.0604184405196877,-0.018359536251862,-0.002));
#2887=CARTESIAN_POINT('',(-0.0606572612475177,-0.0185410979767897,-0.002));
#2888=CARTESIAN_POINT('',(-0.0609524793723592,-0.0184877476369119,-0.002));
#2889=CARTESIAN_POINT('',(-0.0612167623320402,-0.0186297142429228,-0.002));
#2890=CARTESIAN_POINT('',(-0.0615,-0.0185308384448289,-0.002));
#2891=CARTESIAN_POINT('',(-0.0617832376679598,-0.0186297142429229,-0.002));
#2892=CARTESIAN_POINT('',(-0.0620475206276408,-0.0184877476369119,-0.002));
#2893=CARTESIAN_POINT('',(-0.0623427387524823,-0.0185410979767897,-0.002));
#2894=CARTESIAN_POINT('',(-0.0625815594803123,-0.018359536251862,-0.002));
#2895=CARTESIAN_POINT('',(-0.0628814888120291,-0.0183660474710963,-0.002));
#2896=CARTESIAN_POINT('',(-0.0630889667490884,-0.0181493612794883,-0.002));
#2897=CARTESIAN_POINT('',(-0.0633862220321253,-0.0181088730502521,-0.002));
#2898=CARTESIAN_POINT('',(-0.0635572483830237,-0.0178623979251413,-0.002));
#2899=CARTESIAN_POINT('',(-0.0638445102057785,-0.0177759072020112,-0.002));
#2900=CARTESIAN_POINT('',(-0.0639748737341529,-0.0175057121789819,-0.002));
#2901=CARTESIAN_POINT('',(-0.0642450687571821,-0.0173753486506075,-0.002));
#2902=CARTESIAN_POINT('',(-0.0643315594803123,-0.0170880868278526,-0.002));
#2903=CARTESIAN_POINT('',(-0.0645780346054231,-0.0169170604769542,-0.002));
#2904=CARTESIAN_POINT('',(-0.0646185228346593,-0.0166198051939174,-0.002));
#2905=CARTESIAN_POINT('',(-0.0648352090262673,-0.0164123272568581,-0.002));
#2906=CARTESIAN_POINT('',(-0.064828697807033,-0.0161123979251413,-0.002));
#2907=CARTESIAN_POINT('',(-0.0650102595319607,-0.0158735771973113,-0.002));
#2908=CARTESIAN_POINT('',(-0.064956909192083,-0.0155783590724698,-0.002));
#2909=CARTESIAN_POINT('',(0.,-0.023030838444829,0.));
#2910=CARTESIAN_POINT('',(0.0325,-0.000630838444829021,0.));
#2911=CARTESIAN_POINT('',(-0.0442349303510969,-0.000630838444829035,0.));
#2912=CARTESIAN_POINT('',(0.0325,-0.00543083844482902,0.));
#2913=CARTESIAN_POINT('',(-0.0442349303510969,-0.00543083844482903,0.));
#2914=CARTESIAN_POINT('',(-0.0442349303510969,-0.00303083844482904,0.));
#2915=CARTESIAN_POINT('',(-0.0462349303510968,-0.0012066072742058,-0.002));
#2916=CARTESIAN_POINT('',(-0.0462349303510968,-0.000630838444829035,-0.002));
#2917=CARTESIAN_POINT('',(-0.00486746517554839,-0.00543083844482903,0.0393674651755484));
#2918=CARTESIAN_POINT('',(-0.0565,-0.00303083844482905,0.006));
#2919=CARTESIAN_POINT('',(-0.0565,-0.00543083844482904,0.006));
#2920=CARTESIAN_POINT('',(-0.0565,-0.00543083844482904,0.));
#2921=CARTESIAN_POINT('',(-0.0565,0.00896916155517094,0.));
#2922=CARTESIAN_POINT('',(-0.0565,-0.0130308384448291,0.));
#2923=CARTESIAN_POINT('',(-0.0565,-0.0130308384448291,-0.001));
#2924=CARTESIAN_POINT('',(-0.0565,-0.0130308384448291,0.004));
#2925=CARTESIAN_POINT('',(-0.0565,-0.00303083844482905,0.004));
#2926=CARTESIAN_POINT('',(-0.0565,-0.00803083844482901,0.004));
#2927=CARTESIAN_POINT('',(-0.0565,-0.00456405055602198,0.00248696972201768));
#2928=CARTESIAN_POINT('',(-0.0565,-0.0126134141397849,0.006));
#2929=CARTESIAN_POINT('',(-0.0565,-0.00303083844482905,0.006));
#2930=CARTESIAN_POINT('',(-0.084,0.00896916155517094,0.));
#2931=CARTESIAN_POINT('',(0.0325,-0.000630838444829021,0.));
#2932=CARTESIAN_POINT('',(-0.0565,-0.000630838444829037,0.));
#2933=CARTESIAN_POINT('',(-0.0565,0.00896916155517094,0.));
#2934=CARTESIAN_POINT('',(-0.0815,0.00896916155517096,0.));
#2935=CARTESIAN_POINT('',(-0.1115,0.00696716155517098,0.));
#2936=CARTESIAN_POINT('',(-0.1115,0.00696916155517095,0.));
#2937=CARTESIAN_POINT('',(-0.0815,0.00696916155517096,0.));
#2938=CARTESIAN_POINT('',(-0.1175,0.00696916155517095,0.));
#2939=CARTESIAN_POINT('',(-0.10175,-0.00878083844482906,0.));
#2940=CARTESIAN_POINT('',(-0.1115,0.000969161555170954,0.));
#2941=CARTESIAN_POINT('',(-0.1115,0.00896916155517094,0.));
#2942=CARTESIAN_POINT('',(-0.1115,-0.0130308384448291,0.));
#2943=CARTESIAN_POINT('',(-0.084,-0.0130308384448291,0.));
#2944=CARTESIAN_POINT('',(0.0325,-0.00543083844482902,0.));
#2945=CARTESIAN_POINT('',(0.,-0.00303083844482903,0.006));
#2946=CARTESIAN_POINT('',(-0.065,-0.015030838444829,0.006));
#2947=CARTESIAN_POINT('',(-0.0650988757980938,-0.0153140761127888,0.006));
#2948=CARTESIAN_POINT('',(-0.064956909192083,-0.0155783590724698,0.006));
#2949=CARTESIAN_POINT('',(-0.0650102595319607,-0.0158735771973113,0.006));
#2950=CARTESIAN_POINT('',(-0.064828697807033,-0.0161123979251413,0.006));
#2951=CARTESIAN_POINT('',(-0.0648352090262673,-0.0164123272568581,0.006));
#2952=CARTESIAN_POINT('',(-0.0646185228346593,-0.0166198051939174,0.006));
#2953=CARTESIAN_POINT('',(-0.0645780346054231,-0.0169170604769542,0.006));
#2954=CARTESIAN_POINT('',(-0.0643315594803123,-0.0170880868278526,0.006));
#2955=CARTESIAN_POINT('',(-0.0642450687571821,-0.0173753486506075,0.006));
#2956=CARTESIAN_POINT('',(-0.0639748737341529,-0.0175057121789819,0.006));
#2957=CARTESIAN_POINT('',(-0.0638445102057785,-0.0177759072020112,0.006));
#2958=CARTESIAN_POINT('',(-0.0635572483830237,-0.0178623979251413,0.006));
#2959=CARTESIAN_POINT('',(-0.0633862220321253,-0.0181088730502521,0.006));
#2960=CARTESIAN_POINT('',(-0.0630889667490884,-0.0181493612794883,0.006));
#2961=CARTESIAN_POINT('',(-0.0628814888120291,-0.0183660474710963,0.006));
#2962=CARTESIAN_POINT('',(-0.0625815594803123,-0.018359536251862,0.006));
#2963=CARTESIAN_POINT('',(-0.0623427387524823,-0.0185410979767897,0.006));
#2964=CARTESIAN_POINT('',(-0.0620475206276408,-0.0184877476369119,0.006));
#2965=CARTESIAN_POINT('',(-0.0617832376679598,-0.0186297142429229,0.006));
#2966=CARTESIAN_POINT('',(-0.0615,-0.0185308384448289,0.006));
#2967=CARTESIAN_POINT('',(-0.0612167623320402,-0.0186297142429228,0.006));
#2968=CARTESIAN_POINT('',(-0.0609524793723592,-0.0184877476369119,0.006));
#2969=CARTESIAN_POINT('',(-0.0606572612475177,-0.0185410979767897,0.006));
#2970=CARTESIAN_POINT('',(-0.0604184405196877,-0.018359536251862,0.006));
#2971=CARTESIAN_POINT('',(-0.0601185111879709,-0.0183660474710963,0.006));
#2972=CARTESIAN_POINT('',(-0.0599110332509116,-0.0181493612794883,0.006));
#2973=CARTESIAN_POINT('',(-0.0596137779678748,-0.0181088730502521,0.006));
#2974=CARTESIAN_POINT('',(-0.0594427516169764,-0.0178623979251413,0.006));
#2975=CARTESIAN_POINT('',(-0.0591554897942216,-0.0177759072020111,0.006));
#2976=CARTESIAN_POINT('',(-0.0590251262658471,-0.0175057121789819,0.006));
#2977=CARTESIAN_POINT('',(-0.0587549312428179,-0.0173753486506075,0.006));
#2978=CARTESIAN_POINT('',(-0.0586684405196877,-0.0170880868278526,0.006));
#2979=CARTESIAN_POINT('',(-0.0584219653945769,-0.0169170604769542,0.006));
#2980=CARTESIAN_POINT('',(-0.0583814771653407,-0.0166198051939174,0.006));
#2981=CARTESIAN_POINT('',(-0.0581647909737327,-0.016412327256858,0.006));
#2982=CARTESIAN_POINT('',(-0.058171302192967,-0.0161123979251413,0.006));
#2983=CARTESIAN_POINT('',(-0.0219,-0.0126134141397848,0.006));
#2984=CARTESIAN_POINT('',(-0.1115,-0.0126134141397848,0.006));
#2985=CARTESIAN_POINT('',(-0.1115,-0.00303083844482906,0.006));
#2986=CARTESIAN_POINT('',(-0.10475,-0.0530328384448291,0.004));
#2987=CARTESIAN_POINT('',(-0.101750095465451,-0.034530838444829,0.004));
#2988=CARTESIAN_POINT('',(-0.098,-0.023030838444829,0.004));
#2989=CARTESIAN_POINT('',(-0.10475,-0.0437303114889517,0.004));
#2990=CARTESIAN_POINT('',(-0.098,-0.0530328384448291,0.004));
#2991=CARTESIAN_POINT('',(-0.1115,-0.0530328384448291,0.004));
#2992=CARTESIAN_POINT('',(-0.1115,-0.0280308384448291,0.004));
#2993=CARTESIAN_POINT('',(-0.10475,-0.0280308384448291,0.004));
#2994=CARTESIAN_POINT('',(-0.10475,-0.0280308384448291,0.004));
#2995=CARTESIAN_POINT('',(-0.10475,-0.0280308384448291,0.004));
#2996=CARTESIAN_POINT('',(-0.084,-0.00803083844482902,-0.001));
#2997=CARTESIAN_POINT('',(-0.112,0.0109691615551709,-0.001));
#2998=CARTESIAN_POINT('',(-0.115433715283871,0.0109691615551709,-0.001));
#2999=CARTESIAN_POINT('',(-0.116433715283871,0.0109691615551709,-0.001));
#3000=CARTESIAN_POINT('',(-0.116433715283871,0.00490287683904165,-0.001));
#3001=CARTESIAN_POINT('',(-0.116433715283871,0.00590287683904165,-0.001));
#3002=CARTESIAN_POINT('',(-0.1175,0.00696916155517096,-0.001));
#3003=CARTESIAN_POINT('',(-0.1175,0.00696916155517095,-0.001));
#3004=CARTESIAN_POINT('',(-0.1175,-0.00303083844482906,-0.001));
#3005=CARTESIAN_POINT('',(-0.1175,0.0119934026217054,-0.001));
#3006=CARTESIAN_POINT('',(-0.118797706262627,0.00940323306042791,-0.001));
#3007=CARTESIAN_POINT('',(-0.115433715283871,0.0161176238964168,-0.00100000000000002));
#3008=CARTESIAN_POINT('',(-0.115433715283871,0.0109691615551709,-0.001));
#3009=CARTESIAN_POINT('',(-0.1175,-0.00303083844482904,0.0025));
#3010=CARTESIAN_POINT('',(-0.1175,0.00696916155517095,0.0005));
#3011=CARTESIAN_POINT('',(-0.1175,0.00696916155517095,0.0005));
#3012=CARTESIAN_POINT('',(-0.1175,0.00696916155517095,0.002));
#3013=CARTESIAN_POINT('',(-0.1175,0.00896916155517094,0.002));
#3014=CARTESIAN_POINT('',(-0.1175,0.0119934026217054,0.002));
#3015=CARTESIAN_POINT('',(-0.1175,0.0119934026217054,-0.023));
#3016=CARTESIAN_POINT('',(-0.0565,-0.00303083844482905,0.006));
#3017=CARTESIAN_POINT('',(-0.0565,-0.000630838444829037,0.006));
#3018=CARTESIAN_POINT('',(-0.0565,0.0109691615551709,-0.001));
#3019=CARTESIAN_POINT('',(-0.0565,0.0109691615551709,0.006));
#3020=CARTESIAN_POINT('',(-0.0565,-0.00303083844482905,0.006));
#3021=CARTESIAN_POINT('',(-0.0565,0.00396916155517094,0.006));
#3022=CARTESIAN_POINT('',(-0.0565,0.00396916155517094,0.004));
#3023=CARTESIAN_POINT('',(-0.0565,0.00396916155517094,0.004));
#3024=CARTESIAN_POINT('',(-0.0565,-0.00303083844482905,0.004));
#3025=CARTESIAN_POINT('',(-0.1065,0.00948128208843817,0.006));
#3026=CARTESIAN_POINT('',(-0.1065,0.00948128208843817,0.004));
#3027=CARTESIAN_POINT('',(-0.1065,0.00396916155517094,0.004));
#3028=CARTESIAN_POINT('',(-0.1065,0.00396916155517094,0.004));
#3029=CARTESIAN_POINT('',(-0.1065,0.00396916155517094,0.006));
#3030=CARTESIAN_POINT('',(-0.1065,0.00948128208843817,0.006));
#3031=CARTESIAN_POINT('',(-0.1065,0.0109691615551709,0.006));
#3032=CARTESIAN_POINT('',(-0.1065,0.0109691615551709,0.006));
#3033=CARTESIAN_POINT('',(-0.1065,0.0109691615551709,0.002));
#3034=CARTESIAN_POINT('',(-0.1065,0.00796916155517095,0.002));
#3035=CARTESIAN_POINT('',(0.,-0.00303083844482903,0.004));
#3036=CARTESIAN_POINT('',(-0.0815,0.00396916155517094,0.004));
#3037=CARTESIAN_POINT('',(0.00675,0.00896916155517098,0.004));
#3038=CARTESIAN_POINT('',(0.,-0.00303083844482903,0.004));
#3039=CARTESIAN_POINT('',(-0.084,-0.00803083844482901,0.004));
#3040=CARTESIAN_POINT('',(-0.1115,-0.00803083844482901,0.004));
#3041=CARTESIAN_POINT('',(-0.084,-0.0130308384448291,0.004));
#3042=CARTESIAN_POINT('',(-0.1115,-0.0130308384448291,0.004));
#3043=CARTESIAN_POINT('',(-0.1115,-0.00303083844482906,0.004));
#3044=CARTESIAN_POINT('',(0.,-0.00303083844482903,0.006));
#3045=CARTESIAN_POINT('',(-0.0815,0.00396916155517094,0.006));
#3046=CARTESIAN_POINT('',(-0.084,0.0109691615551709,0.006));
#3047=CARTESIAN_POINT('',(-0.084,-0.0130308384448291,-0.001));
#3048=CARTESIAN_POINT('',(-0.1115,-0.0130308384448291,-0.001));
#3049=CARTESIAN_POINT('',(-0.1115,-0.00303083844482906,0.006));
#3050=CARTESIAN_POINT('',(-0.1115,-0.0103221262923069,0.005));
#3051=CARTESIAN_POINT('',(-0.1115,0.000969161555170953,0.006));
#3052=CARTESIAN_POINT('',(-0.1115,-0.0530328384448291,0.));
#3053=CARTESIAN_POINT('',(-0.1115,-0.0280308384448291,0.));
#3054=CARTESIAN_POINT('',(-0.1115,-0.0280308384448291,0.006));
#3055=CARTESIAN_POINT('',(-0.0815,0.00396916155517094,0.004));
#3056=CARTESIAN_POINT('',(0.,0.00546916155517095,0.002));
#3057=CARTESIAN_POINT('',(-0.084,0.0109691615551709,0.002));
#3058=CARTESIAN_POINT('',(-0.1115,0.0109691615551709,0.002));
#3059=CARTESIAN_POINT('',(-0.1115,0.015469161555171,0.002));
#3060=CARTESIAN_POINT('',(-0.1115,0.023969161555171,0.002));
#3061=CARTESIAN_POINT('',(-0.1145,0.0179812820884382,0.002));
#3062=CARTESIAN_POINT('',(-0.109,0.00696916155517095,0.002));
#3063=CARTESIAN_POINT('',(-0.1115,0.00696916155517095,0.002));
#3064=CARTESIAN_POINT('',(-0.1115,0.00696716155517098,0.002));
#3065=CARTESIAN_POINT('',(-0.1175,0.00696916155517096,0.006));
#3066=CARTESIAN_POINT('',(-0.119477905094624,0.00894706664979453,0.00204418981075287));
#3067=CARTESIAN_POINT('',(-0.113466857641935,0.0109691615551709,0.0005));
#3068=CARTESIAN_POINT('',(-0.116721172947401,0.0135479101271696,-0.00198186388995364));
#3069=CARTESIAN_POINT('',(-0.113466857641935,0.0109691615551709,0.0005));
#3070=CARTESIAN_POINT('',(-0.112,0.0109691615551709,0.0025));
#3071=CARTESIAN_POINT('',(-0.0645,0.0109691615551711,0.002));
#3072=CARTESIAN_POINT('',(-0.0668,0.0109691615551711,0.002));
#3073=CARTESIAN_POINT('',(-0.116433715283871,0.0109691615551709,-0.000999999999999967));
#3074=CARTESIAN_POINT('',(-0.1145,0.0179812820884382,-0.023));
#3075=CARTESIAN_POINT('',(-0.1115,0.00696716155517098,0.001));
#3076=CARTESIAN_POINT('',(-0.1115,0.00696916155517095,0.001));
#3077=CARTESIAN_POINT('',(0.00675,0.00696916155517097,0.004));
#3078=CARTESIAN_POINT('',(-0.116433715283871,-0.00803083844482902,-0.001));
#3079=CARTESIAN_POINT('',(-0.10475,-0.0530328384448291,0.));
#3080=CARTESIAN_POINT('',(-0.098,-0.0530328384448291,2.16840434497101E-19));
#3081=CARTESIAN_POINT('',(-0.098,-0.023030838444829,0.));
#3082=CARTESIAN_POINT('',(-0.107491937459542,-0.052138705641909,0.));
#3083=CARTESIAN_POINT('',(-0.105500190930903,-0.046030838444829,0.));
#3084=CARTESIAN_POINT('',(-0.108642269588702,-0.0496967135337344,0.));
#3085=CARTESIAN_POINT('',(-0.1115,-0.0530308384448291,-8.67361737988404E-19));
#3086=CARTESIAN_POINT('',(-0.1115,-0.0530328384448291,0.));
#3087=CARTESIAN_POINT('',(-0.098,-0.0530328384448291,0.002));
#3088=CARTESIAN_POINT('',(-0.098,-0.023030838444829,-0.021));
#3089=CARTESIAN_POINT('',(-0.108125,-0.0280308384448291,0.002));
#3090=CARTESIAN_POINT('',(-0.0990651706506334,-0.0385230758738666,0.00736878776258761));
#3091=CARTESIAN_POINT('',(-0.105500190930903,-0.046030838444829,0.00355544241131674));
#3092=CARTESIAN_POINT('',(-0.100697642351959,-0.0313033977258763,0.00640139712476473));
#3093=CARTESIAN_POINT('',(-0.108125,-0.0280308384448291,0.002));
#3094=CARTESIAN_POINT('',(-0.108907425194979,-0.0280308384448291,0.002));
#3095=CARTESIAN_POINT('',(-0.101750095465451,-0.034530838444829,-0.021));
#3096=CARTESIAN_POINT('',(-0.105500190930903,-0.046030838444829,-0.021));
#3097=CARTESIAN_POINT('',(-0.108500095465451,-0.049530838444829,-0.021));
#3098=CARTESIAN_POINT('',(-0.0219,-0.0103221262923069,0.005));
#3099=CARTESIAN_POINT('',(0.0325,-0.00543083844482902,0.002));
#3100=CARTESIAN_POINT('',(0.0325,-0.000630838444829021,0.002));
#3101=CARTESIAN_POINT('',(-0.0815,0.00896916155517096,0.006));
#3102=CARTESIAN_POINT('',(-0.0645,0.00896916155517096,0.002));
#3103=CARTESIAN_POINT('',(-0.0815,0.00896916155517096,0.006));
#3104=CARTESIAN_POINT('',(-0.0645,0.00896916155517096,0.002));
#3105=CARTESIAN_POINT('',(-0.0645,0.00896716155517102,0.002));
#3106=CARTESIAN_POINT('',(-0.058171302192967,-0.0161123979251413,0.006002));
#3107=CARTESIAN_POINT('',(-0.0581647909737327,-0.016412327256858,0.002));
#3108=CARTESIAN_POINT('',(-0.065,-0.015030838444829,0.006002));
#3109=CARTESIAN_POINT('',(-0.0650988757980938,-0.0153140761127888,0.002));
#3110=CARTESIAN_POINT('',(-0.064956909192083,-0.0155783590724698,0.006002));
#3111=CARTESIAN_POINT('',(-0.0650102595319607,-0.0158735771973113,0.002));
#3112=CARTESIAN_POINT('',(-0.064828697807033,-0.0161123979251413,0.006002));
#3113=CARTESIAN_POINT('',(-0.0648352090262673,-0.0164123272568581,0.002));
#3114=CARTESIAN_POINT('',(-0.0646185228346593,-0.0166198051939174,0.006002));
#3115=CARTESIAN_POINT('',(-0.0645780346054231,-0.0169170604769542,0.002));
#3116=CARTESIAN_POINT('',(-0.0643315594803123,-0.0170880868278526,0.006002));
#3117=CARTESIAN_POINT('',(-0.0642450687571821,-0.0173753486506075,0.002));
#3118=CARTESIAN_POINT('',(-0.0639748737341529,-0.0175057121789819,0.006002));
#3119=CARTESIAN_POINT('',(-0.0638445102057785,-0.0177759072020112,0.002));
#3120=CARTESIAN_POINT('',(-0.0635572483830237,-0.0178623979251413,0.006002));
#3121=CARTESIAN_POINT('',(-0.0633862220321253,-0.0181088730502521,0.002));
#3122=CARTESIAN_POINT('',(-0.0630889667490884,-0.0181493612794883,0.006002));
#3123=CARTESIAN_POINT('',(-0.0628814888120291,-0.0183660474710963,0.002));
#3124=CARTESIAN_POINT('',(-0.0625815594803123,-0.018359536251862,0.006002));
#3125=CARTESIAN_POINT('',(-0.0623427387524823,-0.0185410979767897,0.002));
#3126=CARTESIAN_POINT('',(-0.0620475206276408,-0.0184877476369119,0.006002));
#3127=CARTESIAN_POINT('',(-0.0617832376679598,-0.0186297142429229,0.002));
#3128=CARTESIAN_POINT('',(-0.0615,-0.0185308384448289,0.006002));
#3129=CARTESIAN_POINT('',(-0.0612167623320402,-0.0186297142429228,0.002));
#3130=CARTESIAN_POINT('',(-0.0609524793723592,-0.0184877476369119,0.006002));
#3131=CARTESIAN_POINT('',(-0.0606572612475177,-0.0185410979767897,0.002));
#3132=CARTESIAN_POINT('',(-0.0604184405196877,-0.018359536251862,0.006002));
#3133=CARTESIAN_POINT('',(-0.0601185111879709,-0.0183660474710963,0.002));
#3134=CARTESIAN_POINT('',(-0.0599110332509116,-0.0181493612794883,0.006002));
#3135=CARTESIAN_POINT('',(-0.0596137779678748,-0.0181088730502521,0.002));
#3136=CARTESIAN_POINT('',(-0.0594427516169764,-0.0178623979251413,0.006002));
#3137=CARTESIAN_POINT('',(-0.0591554897942216,-0.0177759072020111,0.002));
#3138=CARTESIAN_POINT('',(-0.0590251262658471,-0.0175057121789819,0.006002));
#3139=CARTESIAN_POINT('',(-0.0587549312428179,-0.0173753486506075,0.002));
#3140=CARTESIAN_POINT('',(-0.0586684405196877,-0.0170880868278526,0.006002));
#3141=CARTESIAN_POINT('',(-0.0584219653945769,-0.0169170604769542,0.002));
#3142=CARTESIAN_POINT('',(-0.0583814771653407,-0.0166198051939174,0.006002));
#3143=CARTESIAN_POINT('',(0.,0.,0.));
#3144=CARTESIAN_POINT('',(0.125,-0.009180838444829,-0.002));
#3145=CARTESIAN_POINT('',(0.125,-0.012930838444829,-0.002));
#3146=CARTESIAN_POINT('',(0.125,-0.012930838444829,-0.002));
#3147=CARTESIAN_POINT('',(0.125,-0.012930838444829,0.));
#3148=CARTESIAN_POINT('',(0.125,-0.009180838444829,-0.002));
#3149=CARTESIAN_POINT('',(0.125,0.006869161555171,-0.002));
#3150=CARTESIAN_POINT('',(0.125,0.006869161555171,-0.002));
#3151=CARTESIAN_POINT('',(0.125,0.006869161555171,0.));
#3152=CARTESIAN_POINT('',(0.125,-0.009180838444829,0.));
#3153=CARTESIAN_POINT('',(0.1225,-0.012930838444829,-0.002));
#3154=CARTESIAN_POINT('',(0.1225,-0.012930838444829,0.));
#3155=CARTESIAN_POINT('',(0.12,-0.012930838444829,0.));
#3156=CARTESIAN_POINT('',(0.12,-0.012930838444829,-0.002));
#3157=CARTESIAN_POINT('',(0.12,-0.012930838444829,-0.002));
#3158=CARTESIAN_POINT('',(0.1225,-0.012930838444829,-0.002));
#3159=CARTESIAN_POINT('',(0.12,-0.009180838444829,-0.002));
#3160=CARTESIAN_POINT('',(0.12,-0.009180838444829,0.));
#3161=CARTESIAN_POINT('',(0.12,0.006869161555171,0.));
#3162=CARTESIAN_POINT('',(0.12,0.006869161555171,-0.002));
#3163=CARTESIAN_POINT('',(0.12,0.006869161555171,-0.002));
#3164=CARTESIAN_POINT('',(0.12,-0.009180838444829,-0.002));
#3165=CARTESIAN_POINT('',(0.0403825348244516,-0.003030838444829,-0.002));
#3166=CARTESIAN_POINT('',(0.1225,0.006869161555171,-0.002));
#3167=CARTESIAN_POINT('',(0.0403825348244516,-0.003030838444829,0.));
#3168=CARTESIAN_POINT('',(0.1225,0.006869161555171,0.));
#3169=CARTESIAN_POINT('',(0.1225,0.006869161555171,-0.002));
#3170=MECHANICAL_DESIGN_GEOMETRIC_PRESENTATION_REPRESENTATION('',(#1901),
#3174);
#3171=MECHANICAL_DESIGN_GEOMETRIC_PRESENTATION_REPRESENTATION('',(#1902),
#3175);
#3172=MECHANICAL_DESIGN_GEOMETRIC_PRESENTATION_REPRESENTATION('',(#1903),
#3176);
#3173=MECHANICAL_DESIGN_GEOMETRIC_PRESENTATION_REPRESENTATION('',(#1904),
#3177);
#3174=(
GEOMETRIC_REPRESENTATION_CONTEXT(3)
GLOBAL_UNCERTAINTY_ASSIGNED_CONTEXT((#3178))
GLOBAL_UNIT_ASSIGNED_CONTEXT((#3190,#3186,#3182))
REPRESENTATION_CONTEXT('Coushoning','TOP_LEVEL_ASSEMBLY_PART')
);
#3175=(
GEOMETRIC_REPRESENTATION_CONTEXT(3)
GLOBAL_UNCERTAINTY_ASSIGNED_CONTEXT((#3179))
GLOBAL_UNIT_ASSIGNED_CONTEXT((#3191,#3187,#3183))
REPRESENTATION_CONTEXT('Main scale','TOP_LEVEL_ASSEMBLY_PART')
);
#3176=(
GEOMETRIC_REPRESENTATION_CONTEXT(3)
GLOBAL_UNCERTAINTY_ASSIGNED_CONTEXT((#3180))
GLOBAL_UNIT_ASSIGNED_CONTEXT((#3192,#3188,#3184))
REPRESENTATION_CONTEXT('Vernier scale','TOP_LEVEL_ASSEMBLY_PART')
);
#3177=(
GEOMETRIC_REPRESENTATION_CONTEXT(3)
GLOBAL_UNCERTAINTY_ASSIGNED_CONTEXT((#3181))
GLOBAL_UNIT_ASSIGNED_CONTEXT((#3193,#3189,#3185))
REPRESENTATION_CONTEXT('Tail lock','TOP_LEVEL_ASSEMBLY_PART')
);
#3178=UNCERTAINTY_MEASURE_WITH_UNIT(LENGTH_MEASURE(1.E-8),#3190,
'DISTANCE_ACCURACY_VALUE','Maximum Tolerance applied to model');
#3179=UNCERTAINTY_MEASURE_WITH_UNIT(LENGTH_MEASURE(1.E-8),#3191,
'DISTANCE_ACCURACY_VALUE','Maximum Tolerance applied to model');
#3180=UNCERTAINTY_MEASURE_WITH_UNIT(LENGTH_MEASURE(1.E-8),#3192,
'DISTANCE_ACCURACY_VALUE','Maximum Tolerance applied to model');
#3181=UNCERTAINTY_MEASURE_WITH_UNIT(LENGTH_MEASURE(1.E-8),#3193,
'DISTANCE_ACCURACY_VALUE','Maximum Tolerance applied to model');
#3182=(
NAMED_UNIT(*)
SI_UNIT($,.STERADIAN.)
SOLID_ANGLE_UNIT()
);
#3183=(
NAMED_UNIT(*)
SI_UNIT($,.STERADIAN.)
SOLID_ANGLE_UNIT()
);
#3184=(
NAMED_UNIT(*)
SI_UNIT($,.STERADIAN.)
SOLID_ANGLE_UNIT()
);
#3185=(
NAMED_UNIT(*)
SI_UNIT($,.STERADIAN.)
SOLID_ANGLE_UNIT()
);
#3186=(
NAMED_UNIT(*)
PLANE_ANGLE_UNIT()
SI_UNIT($,.RADIAN.)
);
#3187=(
NAMED_UNIT(*)
PLANE_ANGLE_UNIT()
SI_UNIT($,.RADIAN.)
);
#3188=(
NAMED_UNIT(*)
PLANE_ANGLE_UNIT()
SI_UNIT($,.RADIAN.)
);
#3189=(
NAMED_UNIT(*)
PLANE_ANGLE_UNIT()
SI_UNIT($,.RADIAN.)
);
#3190=(
LENGTH_UNIT()
NAMED_UNIT(*)
SI_UNIT($,.METRE.)
);
#3191=(
LENGTH_UNIT()
NAMED_UNIT(*)
SI_UNIT($,.METRE.)
);
#3192=(
LENGTH_UNIT()
NAMED_UNIT(*)
SI_UNIT($,.METRE.)
);
#3193=(
LENGTH_UNIT()
NAMED_UNIT(*)
SI_UNIT($,.METRE.)
);
#3194=PRODUCT_DEFINITION_SHAPE('','',#3198);
#3195=PRODUCT_DEFINITION_SHAPE('','',#3199);
#3196=PRODUCT_DEFINITION_SHAPE('','',#3200);
#3197=PRODUCT_DEFINITION_SHAPE('','',#3201);
#3198=PRODUCT_DEFINITION('','',#3206,#3202);
#3199=PRODUCT_DEFINITION('','',#3207,#3203);
#3200=PRODUCT_DEFINITION('','',#3208,#3204);
#3201=PRODUCT_DEFINITION('','',#3209,#3205);
#3202=PRODUCT_DEFINITION_CONTEXT('',#3230,'design');
#3203=PRODUCT_DEFINITION_CONTEXT('',#3231,'design');
#3204=PRODUCT_DEFINITION_CONTEXT('',#3232,'design');
#3205=PRODUCT_DEFINITION_CONTEXT('',#3233,'design');
#3206=PRODUCT_DEFINITION_FORMATION_WITH_SPECIFIED_SOURCE('','',#3214,
 .NOT_KNOWN.);
#3207=PRODUCT_DEFINITION_FORMATION_WITH_SPECIFIED_SOURCE('','',#3215,
 .NOT_KNOWN.);
#3208=PRODUCT_DEFINITION_FORMATION_WITH_SPECIFIED_SOURCE('','',#3216,
 .NOT_KNOWN.);
#3209=PRODUCT_DEFINITION_FORMATION_WITH_SPECIFIED_SOURCE('','',#3217,
 .NOT_KNOWN.);
#3210=PRODUCT_RELATED_PRODUCT_CATEGORY('','',(#3214));
#3211=PRODUCT_RELATED_PRODUCT_CATEGORY('','',(#3215));
#3212=PRODUCT_RELATED_PRODUCT_CATEGORY('','',(#3216));
#3213=PRODUCT_RELATED_PRODUCT_CATEGORY('','',(#3217));
#3214=PRODUCT('Coushoning','Coushoning','Coushoning',(#3222));
#3215=PRODUCT('Main scale','Main scale','Main scale',(#3223));
#3216=PRODUCT('Vernier scale','Vernier scale','Vernier scale',(#3224));
#3217=PRODUCT('Tail lock','Tail lock','Tail lock',(#3225));
#3218=PRODUCT_CATEGORY('','');
#3219=PRODUCT_CATEGORY('','');
#3220=PRODUCT_CATEGORY('','');
#3221=PRODUCT_CATEGORY('','');
#3222=PRODUCT_CONTEXT('',#3230,'mechanical');
#3223=PRODUCT_CONTEXT('',#3231,'mechanical');
#3224=PRODUCT_CONTEXT('',#3232,'mechanical');
#3225=PRODUCT_CONTEXT('',#3233,'mechanical');
#3226=APPLICATION_PROTOCOL_DEFINITION('international standard',
'ap242_managed_model_based_3d_engineering',2020,#3230);
#3227=APPLICATION_PROTOCOL_DEFINITION('international standard',
'ap242_managed_model_based_3d_engineering',2020,#3231);
#3228=APPLICATION_PROTOCOL_DEFINITION('international standard',
'ap242_managed_model_based_3d_engineering',2020,#3232);
#3229=APPLICATION_PROTOCOL_DEFINITION('international standard',
'ap242_managed_model_based_3d_engineering',2020,#3233);
#3230=APPLICATION_CONTEXT('managed model based 3d engineering');
#3231=APPLICATION_CONTEXT('managed model based 3d engineering');
#3232=APPLICATION_CONTEXT('managed model based 3d engineering');
#3233=APPLICATION_CONTEXT('managed model based 3d engineering');
ENDSEC;
END-ISO-10303-21;
